sample_index,temperature,power_consumption_mw,game_use_time,game_start_time,game_cpu_cost,game_gpu_cost,screen_use_time,wifi_use_time,wifi_mod,gps_use_time
0,26.0517,283.159,1.5,0.0,0.5337,0.61,0.831,0.0,4g,0.0
1,33.7909,381.4537,1.5,1.5,0.2975,0.34,0.6004,0.0,wifi,3.0
2,28.1198,846.9378,1.5,0.0,0.6125,0.7,2.6075,3.0,wifi,0.0
3,30.668,1007.1242,1.5,0.0,0.5337,0.61,2.9196,3.0,wifi,3.0
4,36.0199,991.9391,1.5,0.0,0.2975,0.34,2.2014,3.0,4g,0.0
5,36.883,526.0358,1.5,0.0,0.9275,1.06,1.4012,3.0,wifi,0.0
6,32.3297,640.6157,1.5,0.0,0.2188,0.25,2.2261,3.0,wifi,0.0
7,33.2289,472.8771,1.5,0.0,0.8487,0.97,2.0455,0.0,wifi,0.0
8,34.7114,840.6924,1.5,0.0,0.3763,0.43,2.1619,3.0,wifi,3.0
9,24.7494,1066.2261,1.5,0.0,0.6913,0.79,0.924,3.0,5g,0.0
10,24.4016,1350.9021,1.5,0.0,0.455,0.52,1.9665,3.0,5g,0.0
11,19.6731,360.6012,1.5,0.0,0.3763,0.43,1.5371,0.0,wifi,0.0
12,23.7906,418.1545,1.5,0.0,0.6125,0.7,1.6763,0.0,4g,0.0
13,33.2237,590.5189,1.5,0.0,0.6125,0.7,1.4607,3.0,wifi,0.0
14,30.6023,384.8654,1.5,0.0,0.3763,0.43,1.1343,0.0,wifi,0.0
15,20.8438,698.9025,1.5,0.0,0.455,0.52,1.7029,0.0,5g,3.0
16,23.3225,476.2958,1.5,0.0,1.085,1.24,1.9835,0.0,wifi,0.0
17,23.9656,525.8534,1.5,0.0,0.5337,0.61,2.0555,0.0,wifi,0.0
18,26.2857,720.5713,1.5,0.0,0.6125,0.7,2.9056,0.0,wifi,0.0
19,34.2269,844.7549,1.5,0.0,0.6125,0.7,2.1311,3.0,wifi,3.0
20,29.4068,281.3215,1.5,0.0,0.455,0.52,0.8309,0.0,4g,0.0
21,33.2089,1169.3551,1.5,0.0,0.6913,0.79,1.5272,3.0,4g,0.0
22,25.1024,663.0616,1.5,0.0,0.5337,0.61,2.0993,3.0,wifi,0.0
23,24.9777,370.3125,1.5,0.0,0.455,0.52,1.6222,0.0,wifi,0.0
24,29.1589,1215.7007,1.5,0.0,0.5337,0.61,2.0194,3.0,5g,0.0
25,22.2539,447.3442,1.5,0.0,0.6913,0.79,1.8859,0.0,wifi,0.0
26,17.3405,591.9361,1.5,0.0,0.6913,0.79,1.7956,3.0,wifi,0.0
27,37.8273,1097.2677,1.5,0.0,0.455,0.52,2.1599,3.0,4g,3.0
28,17.1687,374.998,1.5,0.0,0.5337,0.61,0.9957,0.0,wifi,0.0
29,30.8834,526.3399,1.5,0.0,0.5337,0.61,1.5375,0.0,wifi,3.0
30,30.9237,325.211,1.5,0.0,0.6913,0.79,1.1365,0.0,4g,0.0
31,24.0147,415.281,1.5,0.0,0.6913,0.79,1.556,0.0,wifi,0.0
32,34.4958,435.2872,1.5,0.0,0.5337,0.61,1.7931,0.0,4g,0.0
33,20.2603,418.2748,1.5,0.0,0.5337,0.61,1.3508,0.0,wifi,0.0
34,35.0631,580.9569,1.5,0.0,0.8487,0.97,2.2423,0.0,4g,0.0
35,32.0067,434.8804,1.5,0.0,0.6913,0.79,1.434,0.0,wifi,0.0
36,39.0548,354.3765,1.5,0.0,0.6125,0.7,1.4197,0.0,wifi,0.0
37,26.7536,811.851,1.5,0.0,0.5337,0.61,1.4114,3.0,4g,0.0
38,25.1776,828.6965,1.5,0.0,0.5337,0.61,2.2384,3.0,wifi,0.0
39,24.7355,361.3823,1.5,0.0,0.6913,0.79,1.3443,0.0,wifi,0.0
40,28.3067,579.745,1.5,0.0,0.2975,0.34,1.7547,0.0,wifi,3.0
41,24.0535,413.4218,1.5,0.0,0.3763,0.43,1.5274,0.0,wifi,0.0
42,23.3677,1303.7539,1.5,0.0,0.455,0.52,2.637,3.0,4g,0.0
43,32.6205,1256.9836,1.5,0.0,0.455,0.52,3.0,3.0,wifi,0.0
44,29.3436,540.746,1.5,0.0,0.6125,0.7,2.3224,0.0,wifi,0.0
45,31.6723,808.1099,1.5,0.0,0.6913,0.79,2.5325,3.0,wifi,0.0
46,25.8855,438.4077,1.5,0.0,0.5337,0.61,1.5091,0.0,4g,0.0
47,31.4388,527.0271,1.5,0.0,0.3763,0.43,2.3219,0.0,wifi,0.0
48,25.3033,822.4711,1.5,0.0,0.77,0.88,1.3387,3.0,4g,0.0
49,27.7311,881.4075,1.5,0.0,0.5337,0.61,1.9357,3.0,wifi,0.0
50,24.3941,480.3113,1.5,0.0,0.455,0.52,2.1033,0.0,4g,0.0
51,32.0677,562.1188,1.5,0.0,0.455,0.52,2.3004,0.0,wifi,0.0
52,17.4886,636.3854,1.5,0.0,0.5337,0.61,2.7728,0.0,wifi,0.0
53,28.5498,415.5971,1.5,0.0,0.9275,1.06,1.6394,0.0,wifi,0.0
54,30.7392,376.2665,1.5,0.0,0.5337,0.61,1.457,0.0,4g,0.0
55,23.6238,400.2965,1.5,0.0,0.455,0.52,1.2911,0.0,wifi,0.0
56,29.6725,1009.0567,1.5,0.0,0.455,0.52,2.4318,3.0,4g,0.0
57,26.9938,280.6534,1.5,1.5,0.2975,0.34,1.1178,0.0,wifi,0.0
58,26.1698,462.0899,1.5,0.0,0.455,0.52,1.9587,0.0,wifi,0.0
59,23.1548,687.2722,1.5,1.5,0.2975,0.34,2.3727,0.0,4g,3.0
60,40.0,481.4958,1.5,0.0,0.455,0.52,2.07,0.0,wifi,0.0
61,28.8916,918.1843,1.5,0.0,0.6125,0.7,1.9696,3.0,4g,0.0
62,20.8724,522.1246,1.5,0.0,0.5337,0.61,2.0955,0.0,4g,0.0
63,29.463,598.3583,1.5,0.0,0.5337,0.61,0.6303,3.0,wifi,3.0
64,27.8872,649.1177,1.5,0.0,0.77,0.88,2.495,0.0,5g,0.0
65,30.8001,494.1085,1.5,0.0,0.3763,0.43,1.4207,3.0,wifi,0.0
66,21.9244,940.6784,1.5,0.0,0.455,0.52,2.8659,3.0,wifi,0.0
67,34.7073,649.5784,1.5,0.0,0.6913,0.79,0.9525,3.0,wifi,3.0
68,25.0018,313.7301,1.5,0.0,0.6125,0.7,0.9119,0.0,wifi,0.0
69,27.258,723.3156,1.5,0.0,0.5337,0.61,1.4022,3.0,wifi,0.0
70,25.209,1142.7711,1.5,1.5,0.2975,0.34,1.7134,3.0,wifi,3.0
71,32.115,551.1207,1.5,0.0,0.455,0.52,0.646,0.0,4g,3.0
72,22.3367,289.4307,1.5,0.0,0.2975,0.34,1.1239,0.0,wifi,0.0
73,27.709,557.9661,1.5,0.0,1.0062,1.15,2.353,0.0,wifi,0.0
74,24.8005,378.001,1.5,0.0,0.77,0.88,1.5712,0.0,wifi,0.0
75,34.732,391.9466,1.5,0.0,0.2975,0.34,1.5705,0.0,4g,0.0
76,23.5499,488.4616,1.5,0.0,0.3763,0.43,1.1209,3.0,wifi,0.0
77,29.9552,951.6556,1.5,0.0,0.455,0.52,1.8835,3.0,4g,0.0
78,30.4805,381.3346,1.5,0.0,0.455,0.52,1.7321,0.0,wifi,0.0
79,23.7072,598.3851,1.5,0.0,0.2975,0.34,1.9656,3.0,wifi,0.0
80,27.2371,321.1792,1.5,0.0,0.6913,0.79,1.0792,0.0,wifi,0.0
81,20.7721,332.0503,1.5,0.0,0.3763,0.43,1.4492,0.0,wifi,0.0
82,33.2272,528.3373,1.5,0.0,0.6125,0.7,1.6602,0.0,wifi,3.0
83,17.7608,995.5414,1.5,0.0,0.455,0.52,2.2029,3.0,4g,0.0
84,18.8872,515.2192,1.5,0.0,0.2975,0.34,1.3384,3.0,wifi,0.0
85,28.6237,528.1319,1.5,0.0,0.77,0.88,1.3516,3.0,wifi,0.0
86,31.6436,376.0463,1.5,0.0,0.455,0.52,1.4948,0.0,wifi,0.0
87,30.3747,436.6731,1.5,0.0,0.6125,0.7,1.9617,0.0,wifi,0.0
88,33.1068,449.7819,1.5,0.0,0.3763,0.43,0.6343,3.0,wifi,0.0
89,37.5219,694.7101,1.5,0.0,0.8487,0.97,2.62,0.0,4g,0.0
90,36.1167,312.7043,1.5,0.0,0.6125,0.7,1.1615,0.0,wifi,0.0
91,30.8472,420.369,1.5,1.5,0.2975,0.34,1.9798,0.0,wifi,0.0
92,24.4021,437.0819,1.5,0.0,0.2975,0.34,1.9563,0.0,wifi,0.0
93,25.8285,470.6675,1.5,0.0,0.2188,0.25,1.3793,0.0,wifi,3.0
94,30.6145,545.6869,1.5,0.0,0.455,0.52,1.5204,3.0,wifi,0.0
95,22.6366,294.4985,1.5,0.0,0.6913,0.79,1.0443,0.0,wifi,0.0
96,36.4507,370.3279,1.5,0.0,0.5337,0.61,1.571,0.0,wifi,0.0
97,39.7421,646.0181,1.5,0.0,0.6125,0.7,2.1325,0.0,4g,0.0
98,31.7827,624.1335,1.5,0.0,0.5337,0.61,1.541,0.0,4g,3.0
99,27.4288,929.2416,1.5,0.0,0.5337,0.61,0.3,3.0,4g,0.0
100,38.2149,707.0862,1.5,0.0,0.3763,0.43,3.0,0.0,wifi,0.0
101,28.0334,644.7174,1.5,0.0,0.455,0.52,1.9822,0.0,wifi,3.0
102,30.5486,438.5077,1.5,0.0,0.3763,0.43,1.7729,0.0,4g,0.0
103,35.678,463.0653,1.5,0.0,0.455,0.52,1.4886,0.0,wifi,0.0
104,25.0734,439.0608,1.5,0.0,0.6913,0.79,1.7165,0.0,wifi,0.0
105,22.4079,481.5832,1.5,0.0,0.455,0.52,2.1172,0.0,4g,0.0
106,21.5559,385.5584,1.5,0.0,0.3763,0.43,1.619,0.0,4g,0.0
107,34.5582,900.6258,1.5,1.5,0.2975,0.34,1.4821,3.0,4g,0.0
108,34.8594,535.6727,1.5,0.0,0.77,0.88,1.831,0.0,wifi,0.0
109,32.6657,567.5114,1.5,0.0,0.5337,0.61,1.7401,3.0,wifi,0.0
110,27.4679,935.0026,1.5,0.0,0.6913,0.79,2.0707,3.0,4g,0.0
111,21.3616,419.4845,1.5,0.0,0.455,0.52,0.7266,3.0,wifi,0.0
112,26.1155,397.3433,1.5,0.0,0.6913,0.79,1.1612,0.0,5g,0.0
113,33.1124,865.1601,1.5,1.5,0.2975,0.34,1.3785,3.0,4g,0.0
114,28.7201,725.6014,1.5,0.0,0.5337,0.61,2.0112,0.0,4g,0.0
115,38.0372,402.4531,1.5,0.0,0.77,0.88,1.4171,0.0,4g,0.0
116,30.2662,434.212,1.5,0.0,0.3763,0.43,1.795,0.0,4g,0.0
117,28.1755,726.0124,1.5,0.0,0.5337,0.61,1.5927,3.0,wifi,0.0
118,28.3878,696.1766,1.5,0.0,0.3763,0.43,2.9995,0.0,wifi,0.0
119,29.3946,1110.8616,1.5,0.0,0.455,0.52,2.7665,3.0,4g,0.0
120,22.7621,516.741,1.5,0.0,0.6125,0.7,2.2376,0.0,wifi,0.0
121,19.5629,444.5188,1.5,0.0,0.5337,0.61,1.4917,0.0,wifi,0.0
122,22.0128,579.5561,1.5,0.0,0.6913,0.79,1.9286,0.0,wifi,0.0
123,31.3171,287.8548,1.5,0.0,0.455,0.52,0.8605,0.0,4g,0.0
124,22.912,409.0688,1.5,0.0,0.6125,0.7,1.3911,0.0,5g,0.0
125,28.3545,731.4438,1.5,0.0,0.6125,0.7,2.9708,0.0,4g,0.0
126,27.7469,397.789,1.5,0.0,0.6913,0.79,1.1027,0.0,wifi,0.0
127,17.146,469.3062,1.5,0.0,0.5337,0.61,1.1221,3.0,wifi,0.0
128,26.036,616.5965,1.5,0.0,0.2975,0.34,2.1877,0.0,wifi,3.0
129,29.7807,599.879,1.5,1.5,0.2188,0.25,1.6765,0.0,wifi,3.0
130,30.7077,419.711,1.5,0.0,0.8487,0.97,1.4171,0.0,wifi,0.0
131,22.4724,628.6254,1.5,0.0,0.3763,0.43,2.5795,0.0,5g,0.0
132,34.9913,490.6058,1.5,0.0,0.5337,0.61,1.9202,0.0,wifi,0.0
133,30.3639,863.3095,1.5,0.0,0.6913,0.79,2.8225,3.0,wifi,0.0
134,38.9535,797.4706,1.5,0.0,0.6125,0.7,2.6706,3.0,wifi,0.0
135,34.3193,668.251,0.0,0.0,0.2,0.2,2.013,3.0,wifi,0.0
136,22.9106,568.646,1.5,0.0,0.3763,0.43,1.3603,3.0,wifi,0.0
137,17.2986,414.5227,1.5,0.0,0.6913,0.79,1.4563,0.0,wifi,0.0
138,34.4667,409.4837,1.5,0.0,0.3763,0.43,1.8616,0.0,wifi,0.0
139,33.8342,943.8896,1.5,0.0,0.77,0.88,2.0739,3.0,4g,0.0
140,29.2846,508.3435,1.5,0.0,0.455,0.52,1.7357,0.0,wifi,0.0
141,33.4163,652.0821,1.5,0.0,0.6125,0.7,1.7767,3.0,wifi,0.0
142,26.4784,873.8411,1.5,1.5,0.2975,0.34,1.8109,3.0,4g,0.0
143,36.9618,814.6511,1.5,0.0,0.3763,0.43,1.4543,3.0,4g,0.0
144,36.9341,664.5741,1.5,0.0,1.0062,1.15,2.7154,0.0,wifi,0.0
145,28.2966,675.1471,1.5,0.0,0.3763,0.43,2.316,3.0,wifi,0.0
146,29.0495,344.2926,1.5,0.0,1.0062,1.15,1.2843,0.0,wifi,0.0
147,33.7376,587.9678,1.5,0.0,0.5337,0.61,1.2046,3.0,wifi,0.0
148,30.8438,498.3901,1.5,0.0,0.455,0.52,0.6271,0.0,wifi,0.0
149,23.1735,593.669,1.5,0.0,0.6125,0.7,1.8665,3.0,wifi,0.0
150,28.6835,672.6315,1.5,0.0,0.77,0.88,1.3771,0.0,5g,3.0
151,28.7394,442.9371,1.5,0.0,0.5337,0.61,1.896,0.0,wifi,0.0
152,30.8533,672.1015,1.5,0.0,0.6913,0.79,2.8584,0.0,wifi,0.0
153,28.1228,320.6521,1.5,0.0,0.3763,0.43,0.7514,0.0,4g,0.0
154,32.758,512.4262,1.5,0.0,0.6125,0.7,1.9314,0.0,4g,0.0
155,38.7153,392.2354,1.5,0.0,0.3763,0.43,1.2977,0.0,wifi,0.0
156,23.2623,331.5925,1.5,0.0,0.3763,0.43,1.0121,0.0,wifi,0.0
157,29.9131,313.7237,1.5,0.0,0.5337,0.61,1.2302,0.0,wifi,0.0
158,27.2834,460.7437,1.5,0.0,0.5337,0.61,0.8336,3.0,wifi,0.0
159,20.6603,655.2706,1.5,0.0,0.455,0.52,2.0054,3.0,wifi,0.0
160,16.7214,1104.8226,1.5,0.0,0.2975,0.34,2.5462,3.0,4g,0.0
161,36.2615,319.7137,1.5,0.0,0.455,0.52,1.3582,0.0,wifi,0.0
162,30.5424,237.826,1.5,1.5,0.2975,0.34,0.4957,0.0,wifi,0.0
163,15.4708,527.3312,1.5,0.0,0.455,0.52,2.2857,0.0,wifi,0.0
164,28.5161,712.2187,1.5,0.0,0.6125,0.7,2.4106,3.0,wifi,0.0
165,27.5383,529.5937,1.5,0.0,0.3763,0.43,1.3687,0.0,wifi,3.0
166,24.3778,774.6088,1.5,0.0,0.5337,0.61,2.1507,3.0,wifi,0.0
167,24.1091,630.5744,1.5,0.0,0.77,0.88,1.8629,0.0,5g,0.0
168,32.9938,481.3478,1.5,0.0,0.5337,0.61,1.9056,0.0,wifi,0.0
169,21.8045,726.4267,1.5,0.0,0.6913,0.79,2.324,3.0,wifi,0.0
170,19.764,541.2006,1.5,0.0,0.455,0.52,2.449,0.0,wifi,0.0
171,31.8642,717.2248,1.5,0.0,0.455,0.52,2.4123,3.0,wifi,0.0
172,31.1556,416.7463,1.5,1.5,0.2975,0.34,0.7285,3.0,wifi,0.0
173,33.7481,404.0629,1.5,0.0,0.6913,0.79,1.7409,0.0,wifi,0.0
174,22.1865,876.7806,1.5,0.0,0.6125,0.7,1.3135,3.0,wifi,3.0
175,26.7231,654.4412,1.5,0.0,0.3763,0.43,2.2914,0.0,wifi,0.0
176,34.3334,404.7334,1.5,0.0,0.6913,0.79,1.1287,0.0,wifi,0.0
177,24.7145,485.8017,1.5,0.0,0.3763,0.43,1.2138,3.0,wifi,0.0
178,26.4671,400.739,1.5,0.0,0.455,0.52,1.5312,0.0,wifi,0.0
179,31.2327,368.9873,1.5,0.0,0.6913,0.79,0.3,0.0,4g,0.0
180,36.7266,680.2413,1.5,0.0,0.2975,0.34,1.6215,0.0,4g,3.0
181,29.4643,381.8909,1.5,0.0,0.3763,0.43,1.4467,0.0,wifi,0.0
182,23.4872,1122.4602,1.5,0.0,0.8487,0.97,2.4886,3.0,4g,0.0
183,31.838,1068.4472,1.5,0.0,0.5337,0.61,2.0183,3.0,wifi,0.0
184,24.5855,438.7946,1.5,0.0,0.77,0.88,1.9141,0.0,wifi,0.0
185,23.5161,511.9822,1.5,0.0,0.3763,0.43,1.5349,3.0,wifi,0.0
186,28.8484,1026.8424,1.5,0.0,0.6913,0.79,1.7742,3.0,4g,0.0
187,27.5873,617.8095,1.5,0.0,0.6125,0.7,1.5503,3.0,wifi,0.0
188,30.6271,610.5287,1.5,0.0,0.455,0.52,1.8666,0.0,wifi,3.0
189,32.8073,512.9661,1.5,0.0,0.5337,0.61,1.1566,0.0,wifi,0.0
190,24.1723,364.8134,1.5,0.0,0.455,0.52,1.4072,0.0,wifi,0.0
191,29.578,323.9439,1.5,0.0,0.5337,0.61,0.6346,0.0,wifi,0.0
192,22.6452,463.5262,1.5,0.0,0.455,0.52,1.5017,0.0,wifi,0.0
193,24.3309,772.6746,1.5,0.0,0.3763,0.43,1.8187,3.0,wifi,0.0
194,32.7252,325.3517,1.5,0.0,0.5337,0.61,1.3127,0.0,wifi,0.0
195,28.6131,775.632,1.5,0.0,0.5337,0.61,1.1552,3.0,4g,0.0
196,24.0131,441.9279,1.5,0.0,0.6125,0.7,1.8351,0.0,wifi,0.0
197,25.4755,719.5044,1.5,0.0,0.5337,0.61,2.4616,3.0,wifi,0.0
198,21.1173,646.1535,1.5,0.0,0.6913,0.79,1.6476,3.0,wifi,0.0
199,25.7957,457.7,1.5,0.0,0.6125,0.7,0.6066,3.0,wifi,0.0
200,28.8903,560.7377,1.5,0.0,0.2975,0.34,2.5263,0.0,wifi,0.0
201,29.708,881.4773,1.5,0.0,0.3763,0.43,1.3123,3.0,4g,0.0
202,30.2697,547.4952,1.5,0.0,0.6913,0.79,1.9799,0.0,wifi,0.0
203,26.0759,855.2231,1.5,0.0,0.455,0.52,1.8184,3.0,wifi,0.0
204,23.2969,501.2151,1.5,0.0,0.3763,0.43,1.6101,0.0,4g,0.0
205,30.9389,756.2739,1.5,0.0,0.6125,0.7,1.1849,3.0,wifi,0.0
206,30.6066,364.4989,1.5,0.0,0.3763,0.43,1.2512,0.0,4g,0.0
207,26.3407,1033.9633,1.5,0.0,0.77,0.88,1.9281,3.0,wifi,0.0
208,27.3118,476.5167,1.5,0.0,0.6125,0.7,1.6079,0.0,4g,0.0
209,23.962,767.398,1.5,0.0,0.6913,0.79,3.0,0.0,5g,0.0
210,33.2378,822.9145,1.5,0.0,0.3763,0.43,1.5777,3.0,4g,0.0
211,25.9311,816.0836,1.5,0.0,0.455,0.52,2.343,3.0,wifi,0.0
212,22.0533,601.7207,1.5,0.0,0.77,0.88,2.2074,0.0,wifi,0.0
213,28.7572,902.4974,1.5,0.0,0.5337,0.61,1.8614,3.0,4g,0.0
214,39.443,707.775,1.5,0.0,0.6913,0.79,2.1402,0.0,wifi,0.0
215,21.9364,537.8056,1.5,1.5,0.2975,0.34,1.4939,0.0,4g,3.0
216,29.5703,477.5522,1.5,0.0,0.8487,0.97,1.9104,0.0,wifi,0.0
217,25.1492,789.5465,1.5,0.0,0.8487,0.97,2.9216,0.0,wifi,0.0
218,33.9818,582.3328,1.5,0.0,0.6125,0.7,1.7625,3.0,wifi,0.0
219,24.4514,707.7118,1.5,0.0,0.2188,0.25,0.3,3.0,4g,0.0
220,19.8262,512.8471,1.5,0.0,0.5337,0.61,2.1766,0.0,4g,0.0
221,32.0024,705.3978,1.5,0.0,0.2188,0.25,1.9958,0.0,wifi,0.0
222,29.0253,489.2501,1.5,0.0,0.3763,0.43,1.378,3.0,wifi,0.0
223,30.0313,365.2584,1.5,0.0,0.5337,0.61,1.5637,0.0,wifi,0.0
224,31.5382,1038.4298,1.5,0.0,0.6913,0.79,2.0067,3.0,4g,0.0
225,33.0538,359.6437,1.5,0.0,0.5337,0.61,1.3183,0.0,4g,0.0
226,20.4938,557.4165,1.5,0.0,0.455,0.52,2.4185,0.0,4g,0.0
227,26.0319,590.5642,1.5,0.0,1.0062,1.15,1.6987,3.0,wifi,0.0
228,29.1853,411.0057,1.5,0.0,0.6913,0.79,1.5664,0.0,wifi,0.0
229,35.3863,581.2236,1.5,0.0,0.6913,0.79,1.7937,3.0,wifi,0.0
230,31.949,1288.6439,1.5,0.0,0.5337,0.61,2.2051,3.0,5g,0.0
231,16.7968,619.1473,1.5,0.0,0.8487,0.97,2.3198,0.0,4g,0.0
232,29.2076,502.6097,1.5,0.0,0.455,0.52,1.897,0.0,wifi,0.0
233,23.2663,946.2115,1.5,0.0,0.6913,0.79,2.0602,3.0,4g,0.0
234,27.4893,922.9245,1.5,0.0,0.5337,0.61,1.5679,3.0,wifi,3.0
235,30.6925,976.2089,1.5,0.0,0.3763,0.43,1.6157,3.0,4g,3.0
236,30.0939,457.1064,1.5,0.0,0.2975,0.34,2.0325,0.0,4g,0.0
237,26.9987,387.6554,1.5,0.0,0.9275,1.06,0.3,0.0,wifi,0.0
238,30.9575,518.2554,1.5,1.5,0.2975,0.34,2.2962,0.0,4g,0.0
239,24.1938,377.1813,1.5,0.0,0.5337,0.61,1.4421,0.0,4g,0.0
240,27.3281,380.495,1.5,0.0,0.455,0.52,1.6722,0.0,wifi,0.0
241,24.2351,374.0799,1.5,0.0,0.3763,0.43,0.8242,0.0,4g,0.0
242,31.7635,355.9026,1.5,0.0,0.455,0.52,1.5885,0.0,wifi,0.0
243,22.5598,593.6557,1.5,0.0,0.9275,1.06,1.7876,3.0,wifi,0.0
244,30.1743,672.2936,1.5,1.5,0.2975,0.34,2.8867,0.0,wifi,0.0
245,25.0887,425.9366,1.5,1.5,0.2975,0.34,0.6301,3.0,wifi,0.0
246,27.6128,361.5274,1.5,0.0,0.455,0.52,1.6107,0.0,wifi,0.0
247,31.0533,490.9772,1.5,0.0,0.77,0.88,2.07,0.0,wifi,0.0
248,29.0908,398.9347,1.5,0.0,0.3763,0.43,1.4172,0.0,5g,0.0
249,40.0,407.9877,1.5,0.0,0.455,0.52,1.7399,0.0,4g,0.0
250,25.9914,842.7498,1.5,1.5,0.2975,0.34,2.1497,3.0,wifi,3.0
251,24.8946,363.6979,1.5,0.0,0.6913,0.79,1.0005,0.0,wifi,0.0
252,36.5831,601.9265,1.5,0.0,0.8487,0.97,1.642,3.0,wifi,0.0
253,30.8043,464.0159,1.5,0.0,0.3763,0.43,2.041,0.0,4g,0.0
254,25.2547,367.9453,1.5,0.0,0.455,0.52,1.33,0.0,wifi,0.0
255,36.6474,470.412,1.5,0.0,0.6125,0.7,2.1124,0.0,wifi,0.0
256,29.8624,346.5742,1.5,0.0,0.5337,0.61,1.2157,0.0,wifi,0.0
257,23.9823,879.8417,1.5,0.0,0.6125,0.7,2.6681,0.0,4g,0.0
258,15.7562,959.4909,1.5,0.0,0.3763,0.43,2.11,3.0,wifi,0.0
259,21.781,501.5808,1.5,0.0,1.0062,1.15,1.9081,0.0,4g,0.0
260,26.5546,689.4602,1.5,0.0,0.3763,0.43,2.4722,0.0,4g,0.0
261,20.736,1052.031,1.5,0.0,0.77,0.88,2.3477,3.0,4g,0.0
262,29.8703,518.7648,1.5,0.0,0.3763,0.43,1.5758,3.0,wifi,0.0
263,19.3619,364.9095,1.5,1.5,0.2188,0.25,1.7007,0.0,wifi,0.0
264,20.3861,595.7442,1.5,0.0,0.6913,0.79,2.596,0.0,wifi,0.0
265,40.0,556.6938,1.5,0.0,0.3763,0.43,2.2955,0.0,wifi,0.0
266,31.8711,413.545,1.5,1.5,0.2188,0.25,1.6098,0.0,4g,0.0
267,20.0368,549.3351,1.5,0.0,0.5337,0.61,2.3075,0.0,wifi,0.0
268,25.0413,363.1033,1.5,0.0,0.5337,0.61,1.5561,0.0,wifi,0.0
269,30.3943,638.2309,1.5,0.0,1.085,1.24,1.8551,3.0,wifi,0.0
270,24.4566,442.9494,1.5,0.0,0.77,0.88,1.9073,0.0,wifi,0.0
271,34.0685,871.5711,1.5,0.0,0.5337,0.61,2.9233,3.0,wifi,0.0
272,23.1389,848.023,1.5,0.0,0.6125,0.7,1.5771,3.0,wifi,0.0
273,31.4364,350.7987,1.5,0.0,0.5337,0.61,1.4436,0.0,wifi,0.0
274,32.8639,675.9608,1.5,0.0,0.3763,0.43,2.0666,3.0,wifi,0.0
275,21.8309,766.6472,1.5,0.0,0.6125,0.7,1.1067,3.0,4g,0.0
276,24.7042,538.2779,1.5,0.0,0.6125,0.7,2.2974,0.0,wifi,0.0
277,24.9274,645.4166,1.5,0.0,0.6125,0.7,1.9593,0.0,wifi,3.0
278,26.2539,447.3398,1.5,0.0,0.2975,0.34,1.6197,0.0,wifi,0.0
279,20.0169,259.5355,1.5,1.5,0.2188,0.25,0.9634,0.0,wifi,0.0
280,39.6518,536.2564,1.5,0.0,0.3763,0.43,1.5989,0.0,4g,3.0
281,31.4507,577.6181,1.5,0.0,0.6913,0.79,1.7766,0.0,4g,3.0
282,33.5501,592.5828,1.5,0.0,0.77,0.88,1.5788,3.0,wifi,0.0
283,24.7,624.6147,1.5,0.0,1.0062,1.15,2.5391,0.0,4g,0.0
284,27.8607,521.2698,1.5,1.5,0.2975,0.34,1.3767,0.0,4g,3.0
285,31.8453,304.011,1.5,1.5,0.2975,0.34,0.7617,0.0,4g,0.0
286,31.8492,438.7181,1.5,0.0,0.77,0.88,1.9238,0.0,wifi,0.0
287,29.8624,751.9377,1.5,0.0,0.6125,0.7,2.0752,3.0,wifi,0.0
288,26.4124,587.084,1.5,1.5,0.2188,0.25,0.9994,0.0,wifi,0.0
289,29.3487,535.3399,1.5,0.0,0.5337,0.61,2.1875,0.0,wifi,0.0
290,23.4534,691.9857,1.5,0.0,0.455,0.52,2.2858,0.0,wifi,0.0
291,28.062,613.0746,1.5,0.0,0.9275,1.06,1.3639,3.0,wifi,0.0
292,25.0777,762.4828,1.5,0.0,0.3763,0.43,1.0136,3.0,4g,0.0
293,17.3612,673.0334,1.5,0.0,0.455,0.52,2.8571,0.0,wifi,0.0
294,25.2896,539.4348,1.5,1.5,0.2188,0.25,1.9413,0.0,4g,0.0
295,28.9726,612.8941,0.0,0.0,0.2,0.2,0.9402,3.0,wifi,3.0
296,34.219,377.3446,1.5,0.0,0.455,0.52,1.7103,0.0,wifi,0.0
297,24.518,571.1413,1.5,0.0,0.5337,0.61,1.7982,0.0,wifi,3.0
298,29.0442,1211.1287,1.5,0.0,0.455,0.52,2.0221,3.0,4g,0.0
299,24.9733,277.1164,1.5,1.5,0.2188,0.25,0.3,0.0,4g,0.0
300,18.1829,569.4853,1.5,0.0,0.6913,0.79,2.2756,0.0,wifi,0.0
301,30.4305,572.5596,1.5,0.0,0.2975,0.34,1.8913,3.0,wifi,0.0
302,37.8539,736.4301,1.5,0.0,0.6125,0.7,3.0,0.0,wifi,0.0
303,30.242,893.3769,1.5,0.0,0.2975,0.34,1.7679,3.0,4g,0.0
304,40.0,580.4605,1.5,0.0,1.0062,1.15,2.3614,0.0,wifi,0.0
305,34.3653,436.8395,1.5,0.0,0.5337,0.61,1.89,0.0,4g,0.0
306,26.7914,479.7358,1.5,0.0,0.6125,0.7,2.0717,0.0,wifi,0.0
307,36.6569,324.4959,1.5,0.0,0.2975,0.34,1.4567,0.0,wifi,0.0
308,24.9887,435.901,1.5,0.0,0.5337,0.61,1.6138,0.0,wifi,0.0
309,34.5508,435.6697,1.5,0.0,0.3763,0.43,0.9618,3.0,wifi,0.0
310,27.6458,1256.5246,1.5,0.0,0.6125,0.7,1.9869,3.0,4g,3.0
311,24.4801,554.3785,1.5,0.0,0.455,0.52,2.0788,0.0,4g,0.0
312,27.1589,438.6652,1.5,0.0,0.5337,0.61,1.9556,0.0,wifi,0.0
313,35.7729,705.0608,1.5,0.0,0.455,0.52,2.4719,0.0,wifi,3.0
314,31.034,944.0839,1.5,0.0,0.6125,0.7,2.4258,3.0,wifi,0.0
315,24.5667,717.0637,1.5,0.0,0.2975,0.34,1.6956,3.0,wifi,3.0
316,26.2068,370.3345,1.5,0.0,0.6913,0.79,1.5572,0.0,wifi,0.0
317,27.8483,581.5225,1.5,0.0,0.5337,0.61,2.2017,0.0,wifi,0.0
318,26.0565,430.9567,1.5,0.0,0.6913,0.79,1.9103,0.0,wifi,0.0
319,27.8564,739.6942,1.5,0.0,0.6913,0.79,2.5001,3.0,wifi,0.0
320,28.4271,694.4858,1.5,0.0,0.455,0.52,2.7203,0.0,wifi,0.0
321,31.3566,644.9285,1.5,0.0,0.455,0.52,2.4226,0.0,wifi,0.0
322,27.3373,559.5439,1.5,0.0,0.6913,0.79,1.861,0.0,4g,0.0
323,28.0626,581.6781,1.5,0.0,0.2975,0.34,1.794,0.0,4g,0.0
324,25.8752,628.1521,1.5,0.0,0.3763,0.43,1.775,3.0,wifi,0.0
325,40.0,698.6251,1.5,0.0,0.455,0.52,1.5861,0.0,wifi,0.0
326,23.4661,568.6413,1.5,0.0,0.5337,0.61,2.2027,0.0,4g,0.0
327,19.7472,1301.0106,1.5,0.0,0.455,0.52,1.8123,3.0,4g,3.0
328,26.7361,1115.8302,1.5,0.0,0.455,0.52,1.5812,3.0,wifi,0.0
329,32.3286,376.7866,1.5,0.0,0.6125,0.7,1.6398,0.0,wifi,0.0
330,28.8816,1099.6591,1.5,0.0,0.5337,0.61,2.3766,3.0,4g,0.0
331,30.8195,455.1456,1.5,0.0,0.9275,1.06,1.549,0.0,wifi,0.0
332,33.6854,855.6707,1.5,0.0,0.2975,0.34,1.8818,3.0,wifi,0.0
333,32.2565,744.9702,1.5,0.0,0.455,0.52,2.3231,3.0,wifi,0.0
334,29.6207,1078.8197,1.5,0.0,0.3763,0.43,1.833,3.0,4g,3.0
335,28.4262,758.1254,1.5,0.0,0.455,0.52,1.4237,3.0,wifi,0.0
336,29.2075,1230.7668,1.5,0.0,0.455,0.52,0.8966,3.0,5g,0.0
337,30.5383,760.7348,1.5,0.0,0.77,0.88,1.4338,0.0,4g,0.0
338,26.5188,483.1211,1.5,0.0,0.6913,0.79,2.0492,0.0,4g,0.0
339,32.7912,467.3634,1.5,0.0,0.5337,0.61,1.3679,0.0,4g,0.0
340,21.7858,749.2614,1.5,0.0,0.455,0.52,2.1679,3.0,wifi,0.0
341,25.2373,729.3923,1.5,0.0,0.77,0.88,2.921,0.0,4g,0.0
342,29.9578,989.8759,1.5,0.0,0.5337,0.61,0.9998,3.0,4g,0.0
343,28.2328,688.9479,1.5,0.0,0.5337,0.61,2.1788,0.0,wifi,0.0
344,15.0,1130.6642,1.5,0.0,0.455,0.52,1.062,3.0,wifi,0.0
345,22.9703,1485.786,1.5,0.0,0.6125,0.7,2.5936,0.0,wifi,0.0
346,28.3611,903.182,1.5,0.0,0.5337,0.61,2.4632,0.0,4g,0.0
347,27.6035,781.7267,1.5,0.0,0.455,0.52,2.1578,0.0,wifi,0.0
348,26.9231,610.0463,1.5,0.0,0.455,0.52,2.2581,0.0,4g,0.0
349,30.622,1367.5745,1.5,0.0,0.3763,0.43,2.0461,3.0,5g,0.0
350,25.951,1243.1134,1.5,0.0,0.77,0.88,3.0,3.0,4g,0.0
351,18.8978,747.0464,1.5,0.0,0.6125,0.7,2.5269,3.0,wifi,0.0
352,32.1019,620.5455,1.5,0.0,0.455,0.52,1.1617,0.0,wifi,0.0
353,29.0435,415.7701,1.5,0.0,0.5337,0.61,1.7166,0.0,wifi,0.0
354,35.5688,1143.0065,1.5,0.0,0.3763,0.43,1.86,3.0,wifi,0.0
355,28.0464,346.4348,1.5,0.0,0.6125,0.7,0.9679,0.0,wifi,0.0
356,20.0335,1341.8306,1.5,0.0,0.3763,0.43,1.7172,0.0,wifi,0.0
357,29.5893,919.5666,1.5,0.0,0.5337,0.61,2.1996,3.0,wifi,0.0
358,23.8683,1125.3759,1.5,0.0,0.77,0.88,1.4623,3.0,5g,0.0
359,27.0043,409.0602,1.5,0.0,0.6125,0.7,0.9856,0.0,wifi,0.0
360,23.0561,442.3492,1.5,0.0,0.5337,0.61,0.9289,3.0,wifi,0.0
361,18.0092,498.6146,1.5,0.0,0.77,0.88,1.3458,0.0,wifi,0.0
362,28.0957,959.1199,1.5,0.0,0.6125,0.7,1.4424,0.0,4g,0.0
363,30.8781,1077.8961,1.5,0.0,0.5337,0.61,1.8022,3.0,wifi,3.0
364,20.4378,1041.6633,1.5,0.0,0.6125,0.7,2.321,3.0,4g,0.0
365,22.0639,776.8742,1.5,0.0,0.5337,0.61,2.0095,0.0,wifi,3.0
366,24.6323,1468.0234,1.5,0.0,0.6125,0.7,2.7443,3.0,4g,3.0
367,34.5223,573.6313,1.5,0.0,0.6913,0.79,1.6728,3.0,wifi,0.0
368,28.873,942.3048,1.5,0.0,0.5337,0.61,1.6568,3.0,4g,0.0
369,21.0025,654.5885,1.5,0.0,0.455,0.52,2.546,0.0,wifi,0.0
370,34.6608,703.0879,1.5,0.0,0.77,0.88,1.4372,3.0,wifi,0.0
371,23.4286,703.786,1.5,0.0,0.455,0.52,2.1451,3.0,wifi,0.0
372,30.9086,1096.7477,1.5,0.0,0.3763,0.43,1.4618,3.0,4g,0.0
373,32.1988,491.9345,1.5,0.0,0.5337,0.61,1.8099,0.0,wifi,0.0
374,32.8794,670.3734,1.5,0.0,0.5337,0.61,2.5872,0.0,4g,0.0
375,23.9998,830.1012,1.5,0.0,0.2975,0.34,2.2379,3.0,wifi,0.0
376,28.1704,405.7109,1.5,0.0,0.455,0.52,1.4199,0.0,4g,0.0
377,28.8684,737.4833,1.5,0.0,0.6125,0.7,1.5829,0.0,4g,0.0
378,27.6692,363.7597,1.5,0.0,0.6125,0.7,0.6739,0.0,4g,0.0
379,30.5818,510.3903,1.5,1.5,0.2975,0.34,1.2853,0.0,4g,0.0
380,32.0739,1144.3993,1.5,0.0,0.3763,0.43,1.8104,3.0,4g,0.0
381,30.7373,1301.4433,1.5,0.0,0.3763,0.43,1.4803,0.0,wifi,0.0
382,25.5193,867.1784,1.5,0.0,0.6125,0.7,3.0,0.0,wifi,0.0
383,31.9369,1118.8376,1.5,0.0,0.5337,0.61,2.8843,0.0,4g,3.0
384,24.2877,901.2984,1.5,0.0,0.3763,0.43,1.9836,3.0,wifi,0.0
385,23.2754,730.8719,1.5,0.0,0.5337,0.61,1.6168,3.0,wifi,0.0
386,25.5588,798.5639,1.5,0.0,0.455,0.52,1.7578,3.0,wifi,0.0
387,34.7373,586.9955,1.5,0.0,0.5337,0.61,1.5152,0.0,wifi,0.0
388,24.9599,1327.8897,1.5,0.0,0.6125,0.7,2.6531,0.0,wifi,0.0
389,30.1034,1473.8963,1.5,0.0,0.5337,0.61,2.2885,0.0,wifi,0.0
390,28.951,1115.9612,1.5,0.0,0.3763,0.43,1.6455,0.0,4g,0.0
391,29.4458,991.7753,1.5,0.0,0.6125,0.7,1.1149,3.0,wifi,0.0
392,33.7168,737.157,1.5,0.0,0.5337,0.61,2.2586,3.0,wifi,0.0
393,33.7066,770.5175,1.5,0.0,0.3763,0.43,1.6742,3.0,wifi,0.0
394,20.2218,364.6272,1.5,0.0,0.455,0.52,1.5205,0.0,4g,0.0
395,24.604,568.1078,1.5,0.0,0.6913,0.79,2.4154,0.0,4g,0.0
396,27.2816,701.886,1.5,0.0,0.5337,0.61,1.6237,3.0,wifi,0.0
397,26.3432,846.7483,1.5,0.0,0.455,0.52,1.0487,0.0,4g,0.0
398,20.7104,571.9707,1.5,0.0,0.5337,0.61,1.79,3.0,wifi,0.0
399,27.1502,619.6718,1.5,0.0,0.6913,0.79,1.373,0.0,4g,0.0
400,29.5542,654.5059,1.5,0.0,0.8487,0.97,1.7748,3.0,wifi,0.0
401,33.2236,821.2267,1.5,0.0,0.6125,0.7,2.7847,3.0,wifi,0.0
402,25.836,963.3276,1.5,0.0,0.6125,0.7,1.3136,3.0,4g,0.0
403,24.6764,742.5514,1.5,0.0,0.3763,0.43,3.0,0.0,wifi,0.0
404,25.4112,700.2238,1.5,0.0,0.455,0.52,1.6348,0.0,4g,0.0
405,23.1687,572.583,1.5,0.0,0.2975,0.34,1.8862,3.0,wifi,0.0
406,29.295,681.123,1.5,0.0,0.6913,0.79,2.5145,0.0,wifi,0.0
407,23.1125,1520.9751,1.5,0.0,0.5337,0.61,1.9376,3.0,4g,0.0
408,29.7626,724.2575,1.5,0.0,0.77,0.88,1.9384,0.0,wifi,0.0
409,38.5434,742.2352,1.5,0.0,0.3763,0.43,1.9251,3.0,wifi,0.0
410,20.8996,784.9571,1.5,0.0,1.3212,1.51,2.0665,3.0,wifi,0.0
411,24.1912,604.6158,1.5,0.0,0.6125,0.7,1.8403,3.0,wifi,0.0
412,29.4274,571.9805,1.5,0.0,0.2975,0.34,1.7308,3.0,wifi,0.0
413,24.8789,1707.611,1.5,0.0,0.77,0.88,1.9528,3.0,4g,0.0
414,32.6434,871.2922,1.5,0.0,0.6125,0.7,1.8893,3.0,wifi,0.0
415,30.0575,420.2451,1.5,0.0,0.5337,0.61,1.8409,0.0,wifi,0.0
416,31.1317,662.0432,1.5,0.0,0.9275,1.06,2.0491,3.0,wifi,0.0
417,27.1293,699.1037,1.5,0.0,1.1638,1.33,2.1854,0.0,wifi,0.0
418,26.4006,1155.3283,1.5,0.0,0.2188,0.25,1.2079,3.0,5g,0.0
419,36.1181,759.3363,1.5,0.0,0.6125,0.7,2.4675,0.0,4g,0.0
420,35.3965,938.9871,1.5,0.0,0.455,0.52,1.6521,3.0,4g,0.0
421,16.5278,492.3948,1.5,0.0,0.3763,0.43,0.771,0.0,wifi,0.0
422,29.6222,1293.6339,1.5,0.0,0.6125,0.7,2.5479,3.0,4g,0.0
423,19.417,589.4141,1.5,0.0,0.3763,0.43,1.7415,3.0,wifi,0.0
424,23.6637,1225.7968,1.5,0.0,0.6125,0.7,0.8909,3.0,wifi,0.0
425,25.8977,1163.3668,1.5,0.0,1.0062,1.15,1.0004,0.0,wifi,0.0
426,39.8661,841.2081,1.5,0.0,0.455,0.52,1.6389,0.0,wifi,3.0
427,27.8404,627.1708,1.5,0.0,0.455,0.52,1.5242,3.0,wifi,0.0
428,27.5615,530.7866,1.5,0.0,0.455,0.52,1.3036,0.0,4g,0.0
429,38.4548,586.522,1.5,0.0,0.5337,0.61,1.9239,0.0,4g,0.0
430,24.4629,1451.691,1.5,0.0,0.455,0.52,3.0,0.0,4g,0.0
431,28.9976,462.6613,1.5,0.0,0.77,0.88,1.3782,0.0,4g,0.0
432,30.2655,679.2246,1.5,0.0,0.3763,0.43,2.2496,0.0,wifi,0.0
433,26.7123,550.5756,1.5,0.0,0.2975,0.34,1.7265,0.0,4g,3.0
434,30.5823,1120.9129,1.5,0.0,0.455,0.52,1.4103,3.0,wifi,0.0
435,28.0955,547.4672,1.5,0.0,0.3763,0.43,1.9647,0.0,4g,0.0
436,33.2893,611.3588,1.5,0.0,0.5337,0.61,1.9481,3.0,wifi,0.0
437,28.8398,528.0899,1.5,0.0,0.6913,0.79,1.4875,0.0,wifi,0.0
438,23.5115,879.0299,1.5,0.0,0.6125,0.7,2.1726,3.0,wifi,0.0
439,34.5595,459.2877,1.5,0.0,1.0062,1.15,1.5199,0.0,4g,0.0
440,24.4009,951.7751,1.5,0.0,0.455,0.52,2.9116,3.0,wifi,0.0
441,28.9364,913.8464,1.5,0.0,0.5337,0.61,1.149,3.0,wifi,0.0
442,33.1955,719.3081,1.5,1.5,0.2188,0.25,1.6071,3.0,wifi,0.0
443,28.8826,508.1127,1.5,0.0,0.6125,0.7,2.1672,0.0,wifi,0.0
444,32.3841,768.661,1.5,0.0,0.6125,0.7,2.1906,0.0,wifi,3.0
445,20.3449,327.0842,1.5,0.0,0.3763,0.43,1.2525,0.0,4g,0.0
446,27.892,531.557,1.5,0.0,0.6913,0.79,1.9578,0.0,wifi,0.0
447,23.9154,707.4074,1.5,0.0,0.6913,0.79,2.3124,0.0,4g,0.0
448,34.7483,459.6556,1.5,1.5,0.2975,0.34,1.7797,0.0,wifi,0.0
449,28.6615,641.9114,1.5,0.0,0.455,0.52,2.3215,0.0,4g,0.0
450,25.658,940.9534,1.5,0.0,0.3763,0.43,1.5882,3.0,wifi,0.0
451,23.9819,621.7362,1.5,1.5,0.2188,0.25,2.0334,3.0,wifi,0.0
452,29.1424,1081.7646,1.5,0.0,0.2975,0.34,1.5936,3.0,wifi,0.0
453,39.3596,482.5726,1.5,0.0,0.5337,0.61,2.091,0.0,4g,0.0
454,23.0435,593.6672,1.5,0.0,0.6125,0.7,1.7784,3.0,wifi,0.0
455,20.9134,620.6197,1.5,0.0,0.5337,0.61,1.9811,3.0,wifi,0.0
456,29.1018,1070.1872,1.5,0.0,0.455,0.52,1.4851,3.0,4g,0.0
457,33.6163,445.742,1.5,0.0,0.455,0.52,1.0377,0.0,wifi,3.0
458,32.5819,731.3116,1.5,0.0,0.9275,1.06,1.9721,0.0,wifi,0.0
459,20.7431,696.8625,1.5,0.0,0.455,0.52,1.9901,3.0,wifi,0.0
460,31.6962,554.5111,1.5,0.0,0.5337,0.61,1.9401,0.0,wifi,0.0
461,25.7329,593.2764,1.5,0.0,0.3763,0.43,1.9485,0.0,wifi,0.0
462,32.5823,660.2242,1.5,0.0,0.455,0.52,2.3562,0.0,wifi,0.0
463,24.2926,392.531,1.5,0.0,0.3763,0.43,1.3695,0.0,5g,0.0
464,25.3271,753.9173,1.5,0.0,0.455,0.52,1.044,3.0,wifi,0.0
465,19.5275,376.5923,1.5,0.0,0.6125,0.7,1.407,0.0,4g,0.0
466,25.8763,550.9335,1.5,0.0,0.6125,0.7,1.1614,0.0,wifi,0.0
467,24.6968,805.6634,1.5,0.0,0.455,0.52,0.8601,0.0,wifi,0.0
468,30.5941,479.5176,1.5,0.0,0.8487,0.97,1.8406,0.0,wifi,0.0
469,24.2838,915.4397,0.0,0.0,0.2,0.2,1.7764,0.0,4g,0.0
470,28.5369,1125.9229,1.5,0.0,1.0062,1.15,2.258,3.0,4g,0.0
471,29.4785,1209.3739,1.5,0.0,0.3763,0.43,2.4313,3.0,wifi,0.0
472,30.2825,385.7298,1.5,1.5,0.2975,0.34,0.4362,0.0,wifi,0.0
473,25.6978,420.7785,1.5,0.0,0.2975,0.34,1.1077,0.0,wifi,0.0
474,24.1179,1359.5029,1.5,0.0,0.6913,0.79,1.3425,3.0,4g,0.0
475,31.685,533.5524,1.5,0.0,0.5337,0.61,1.8455,0.0,wifi,0.0
476,21.2604,1270.8794,1.5,0.0,0.2975,0.34,1.1563,0.0,4g,0.0
477,21.7982,810.6693,1.5,0.0,0.77,0.88,2.8087,0.0,wifi,0.0
478,24.9761,720.5527,1.5,1.5,0.2188,0.25,1.9095,0.0,wifi,3.0
479,36.7204,721.1343,1.5,0.0,0.5337,0.61,1.867,3.0,wifi,0.0
480,28.0049,576.351,1.5,0.0,0.455,0.52,1.194,3.0,wifi,0.0
481,26.9569,501.1061,1.5,0.0,0.5337,0.61,1.8482,0.0,4g,0.0
482,30.9621,1273.5345,1.5,0.0,0.6125,0.7,1.4607,0.0,wifi,0.0
483,27.1501,393.8285,1.5,0.0,0.3763,0.43,1.3819,0.0,4g,0.0
484,34.0565,886.3723,1.5,0.0,0.5337,0.61,1.6972,0.0,4g,0.0
485,29.2382,492.8478,1.5,0.0,0.455,0.52,1.4359,0.0,wifi,0.0
486,33.5332,1084.0612,1.5,0.0,0.6125,0.7,2.4066,3.0,4g,0.0
487,15.2073,1291.4456,1.5,0.0,0.5337,0.61,2.4948,3.0,4g,0.0
488,25.9464,941.3355,1.5,0.0,0.77,0.88,2.3659,0.0,wifi,0.0
489,23.3827,1333.2236,1.5,0.0,0.5337,0.61,2.2219,3.0,4g,0.0
490,21.7506,1066.2023,1.5,0.0,0.77,0.88,0.565,3.0,4g,3.0
491,21.3392,586.3965,1.5,0.0,0.5337,0.61,1.295,0.0,wifi,3.0
492,26.7341,1189.2756,1.5,0.0,0.5337,0.61,2.0034,3.0,wifi,3.0
493,29.283,696.0938,1.5,0.0,0.6913,0.79,0.9997,0.0,4g,3.0
494,32.27,603.9553,1.5,0.0,0.77,0.88,1.148,0.0,wifi,0.0
495,25.106,651.8708,1.5,0.0,0.5337,0.61,1.5322,0.0,4g,0.0
496,27.9371,786.567,1.5,1.5,0.2975,0.34,1.6972,0.0,wifi,0.0
497,39.4244,425.2065,1.5,1.5,0.2188,0.25,1.8129,0.0,4g,0.0
498,29.6962,1218.5349,1.5,0.0,0.77,0.88,1.7778,3.0,4g,0.0
499,37.857,1149.4352,1.5,0.0,0.455,0.52,2.1901,0.0,4g,0.0
500,26.134,590.8183,1.5,0.0,0.6125,0.7,0.4868,3.0,wifi,0.0
501,25.3292,449.9595,1.5,0.0,0.5337,0.61,1.8751,0.0,wifi,0.0
502,33.9993,698.4774,1.5,1.5,0.2975,0.34,1.7662,3.0,wifi,3.0
503,29.0048,1245.7136,1.5,0.0,0.3763,0.43,1.8928,3.0,5g,0.0
504,26.293,795.4462,1.5,1.5,0.2975,0.34,0.3446,0.0,wifi,0.0
505,24.1392,924.5787,1.5,0.0,0.6125,0.7,1.6903,3.0,wifi,0.0
506,25.037,979.5259,1.5,0.0,0.6125,0.7,1.7664,3.0,wifi,0.0
507,26.158,921.2049,1.5,0.0,0.455,0.52,2.3402,0.0,wifi,0.0
508,29.1048,607.1291,1.5,0.0,0.5337,0.61,1.1913,0.0,4g,0.0
509,32.5808,433.3546,1.5,0.0,0.455,0.52,0.3,0.0,wifi,3.0
510,17.016,898.31,1.5,1.5,0.2188,0.25,2.2252,0.0,4g,0.0
511,20.8432,1077.6822,1.5,0.0,0.455,0.52,1.6019,3.0,4g,0.0
512,25.9569,792.54,1.5,0.0,0.3763,0.43,2.3226,3.0,wifi,0.0
513,21.1593,845.8184,1.5,0.0,0.9275,1.06,2.5243,0.0,4g,0.0
514,33.4048,813.2251,1.5,0.0,0.5337,0.61,2.4723,0.0,wifi,0.0
515,38.1171,892.746,1.5,0.0,0.6125,0.7,2.3093,0.0,wifi,0.0
516,19.1179,772.7729,1.5,0.0,0.5337,0.61,2.2684,0.0,wifi,3.0
517,17.4622,964.0762,1.5,0.0,0.3763,0.43,2.571,3.0,wifi,3.0
518,28.6123,1007.7855,1.5,0.0,0.2975,0.34,1.228,3.0,4g,3.0
519,32.3389,756.7614,1.5,0.0,0.2975,0.34,2.1391,0.0,5g,0.0
520,21.1873,267.6542,1.5,0.0,0.455,0.52,0.9201,0.0,wifi,0.0
521,20.4034,277.1952,1.5,0.0,0.455,0.52,0.7208,0.0,4g,0.0
522,29.9089,698.9203,1.5,0.0,0.455,0.52,0.3185,3.0,4g,0.0
523,27.7628,428.7853,1.5,0.0,0.5337,0.61,0.7939,3.0,wifi,0.0
524,20.8579,400.6139,1.5,0.0,0.3763,0.43,0.4757,3.0,wifi,0.0
525,24.6927,281.9985,1.5,0.0,0.77,0.88,0.8617,0.0,wifi,0.0
526,21.1337,418.9792,1.5,0.0,0.77,0.88,1.8244,0.0,wifi,0.0
527,16.2625,463.6875,1.5,0.0,1.4,1.6,0.3201,3.0,wifi,0.0
528,22.3369,334.4478,1.5,0.0,0.5337,0.61,1.4195,0.0,wifi,0.0
529,21.2105,280.6262,1.5,0.0,0.2975,0.34,0.9213,0.0,4g,0.0
530,22.7782,445.4907,1.5,0.0,0.8487,0.97,1.8348,0.0,4g,0.0
531,24.7834,935.7479,1.5,0.0,0.9275,1.06,1.1081,3.0,4g,3.0
532,19.3259,272.0756,1.5,0.0,0.2975,0.34,1.0727,0.0,wifi,0.0
533,22.1165,452.2842,1.5,0.0,0.5337,0.61,1.9592,0.0,4g,0.0
534,28.2627,399.8236,1.5,0.0,0.3763,0.43,0.5134,3.0,wifi,0.0
535,27.6391,317.0235,1.5,0.0,0.6125,0.7,1.2696,0.0,wifi,0.0
536,24.4616,232.6,1.5,0.0,0.6125,0.7,0.1838,0.0,wifi,0.0
537,21.927,413.8077,1.5,0.0,0.455,0.52,0.9045,0.0,wifi,3.0
538,23.2187,229.5883,1.5,0.0,0.455,0.52,0.3999,0.0,wifi,0.0
539,23.8652,713.9724,1.5,0.0,0.77,0.88,0.1754,3.0,4g,0.0
540,22.8667,491.1129,1.5,0.0,0.455,0.52,1.3758,3.0,wifi,0.0
541,21.2999,299.6903,1.5,0.0,0.6913,0.79,1.0919,0.0,wifi,0.0
542,23.607,262.5159,1.5,0.0,0.6913,0.79,0.6547,0.0,wifi,0.0
543,20.9176,343.9234,1.5,0.0,0.6913,0.79,1.4163,0.0,wifi,0.0
544,24.5021,572.6307,1.5,0.0,0.9275,1.06,1.7891,0.0,wifi,3.0
545,18.0876,264.5421,1.5,0.0,0.3763,0.43,0.7414,0.0,4g,0.0
546,19.629,265.0228,1.5,0.0,0.6125,0.7,0.8084,0.0,wifi,0.0
547,20.3038,226.7843,1.5,0.0,0.5337,0.61,0.15,0.0,wifi,0.0
548,20.974,710.0161,1.5,0.0,0.5337,0.61,0.4427,3.0,4g,0.0
549,27.4988,383.512,1.5,0.0,0.2975,0.34,0.15,3.0,wifi,0.0
550,23.6197,444.029,1.5,0.0,0.5337,0.61,0.957,3.0,wifi,0.0
551,23.9418,234.5532,1.5,0.0,0.3763,0.43,0.6029,0.0,wifi,0.0
552,22.4325,416.5382,1.5,0.0,0.455,0.52,0.6901,3.0,wifi,0.0
553,31.2652,262.4313,1.5,0.0,0.3763,0.43,0.6901,0.0,wifi,0.0
554,20.9467,303.6758,1.5,0.0,0.6125,0.7,1.174,0.0,wifi,0.0
555,20.0439,256.2368,1.5,0.0,0.6125,0.7,0.336,0.0,4g,0.0
556,22.6869,259.6167,1.5,0.0,0.6913,0.79,0.6771,0.0,wifi,0.0
557,17.4734,415.4789,1.5,0.0,0.5337,0.61,0.5929,3.0,wifi,0.0
558,24.9599,295.393,1.5,0.0,0.77,0.88,1.0176,0.0,wifi,0.0
559,22.6057,291.6016,1.5,0.0,0.6125,0.7,1.0728,0.0,wifi,0.0
560,22.2257,273.664,1.5,0.0,0.6913,0.79,0.7899,0.0,wifi,0.0
561,25.1082,447.328,1.5,0.0,0.5337,0.61,0.9505,3.0,wifi,0.0
562,19.8229,325.843,1.5,0.0,0.455,0.52,1.2659,0.0,4g,0.0
563,21.6653,322.5045,1.5,0.0,0.6913,0.79,1.2171,0.0,wifi,0.0
564,19.3433,295.3351,1.5,1.5,0.2975,0.34,1.0507,0.0,wifi,0.0
565,17.5803,226.6489,1.5,0.0,0.5337,0.61,0.15,0.0,wifi,0.0
566,24.5527,266.6612,1.5,0.0,0.6125,0.7,0.8109,0.0,wifi,0.0
567,24.911,234.7262,1.5,0.0,0.5337,0.61,0.3471,0.0,wifi,0.0
568,12.9111,404.0355,1.5,0.0,0.5337,0.61,0.15,3.0,wifi,0.0
569,18.391,420.8738,1.5,0.0,0.8487,0.97,0.3028,3.0,wifi,0.0
570,20.9002,275.0986,1.5,0.0,0.5337,0.61,0.9605,0.0,wifi,0.0
571,18.154,239.4125,1.5,0.0,0.6125,0.7,0.4021,0.0,wifi,0.0
572,18.1989,911.3596,1.5,0.0,0.455,0.52,2.0343,3.0,4g,0.0
573,26.7342,396.0299,1.5,0.0,0.6125,0.7,1.7635,0.0,wifi,0.0
574,21.5618,826.7516,1.5,0.0,0.6913,0.79,1.4955,3.0,4g,0.0
575,30.4953,410.9563,1.5,0.0,0.455,0.52,0.613,3.0,wifi,0.0
576,24.1663,408.2942,1.5,0.0,0.5337,0.61,0.3845,3.0,wifi,0.0
577,17.1034,288.7292,1.5,1.5,0.2188,0.25,0.7672,0.0,5g,0.0
578,21.6361,850.8721,1.5,0.0,0.77,0.88,1.624,3.0,4g,0.0
579,22.6062,512.6103,1.5,0.0,0.8487,0.97,1.3214,3.0,wifi,0.0
580,22.7986,285.972,1.5,0.0,0.455,0.52,0.5363,0.0,5g,0.0
581,24.7001,708.3029,1.5,0.0,0.6125,0.7,0.3508,3.0,4g,0.0
582,28.2041,282.6833,1.5,0.0,0.5337,0.61,0.9854,0.0,wifi,0.0
583,16.5942,286.0947,1.5,0.0,0.5337,0.61,0.8721,0.0,4g,0.0
584,20.3663,295.2144,1.5,0.0,0.6125,0.7,1.0763,0.0,wifi,0.0
585,24.9144,255.1402,1.5,0.0,0.455,0.52,0.5148,0.0,4g,0.0
586,20.7911,280.6086,1.5,0.0,0.6125,0.7,0.6022,0.0,4g,0.0
587,19.6679,396.867,1.5,0.0,0.5337,0.61,1.7939,0.0,wifi,0.0
588,27.4593,411.219,1.5,0.0,0.2188,0.25,0.778,3.0,wifi,0.0
589,21.207,713.4748,1.5,1.5,0.2975,0.34,0.7858,3.0,4g,0.0
590,19.7701,270.5373,1.5,0.0,0.5337,0.61,0.8781,0.0,wifi,0.0
591,23.6351,297.337,1.5,0.0,0.2975,0.34,1.1223,0.0,4g,0.0
592,27.3722,726.4306,1.5,0.0,0.6125,0.7,0.6899,3.0,4g,0.0
593,20.4994,524.1379,1.5,0.0,0.9275,1.06,1.3285,3.0,wifi,0.0
594,19.9017,311.975,1.5,0.0,1.0062,1.15,0.8015,0.0,4g,0.0
595,24.3226,257.6221,1.5,0.0,0.455,0.52,0.8182,0.0,wifi,0.0
596,21.6393,287.3339,1.5,1.5,0.2975,0.34,1.1978,0.0,wifi,0.0
597,22.6336,283.6873,1.5,0.0,0.6913,0.79,0.9538,0.0,wifi,0.0
598,21.2555,394.6059,1.5,0.0,0.455,0.52,0.2856,3.0,wifi,0.0
599,24.0617,384.695,1.5,0.0,0.5337,0.61,0.3741,0.0,wifi,3.0
600,23.1599,449.1454,1.5,0.0,0.6125,0.7,0.9129,0.0,4g,3.0
601,21.9061,239.1946,1.5,0.0,0.6913,0.79,0.2038,0.0,wifi,0.0
602,18.9373,276.9016,1.5,0.0,0.455,0.52,1.0229,0.0,wifi,0.0
603,23.1496,263.2334,1.5,0.0,0.6913,0.79,0.7254,0.0,wifi,0.0
604,20.5299,436.011,1.5,0.0,0.6913,0.79,0.7314,3.0,wifi,0.0
605,24.401,707.7916,1.5,0.0,0.3763,0.43,0.6337,3.0,4g,0.0
606,18.875,248.1371,1.5,0.0,0.2975,0.34,0.5782,0.0,4g,0.0
607,28.0067,279.6988,1.5,0.0,0.455,0.52,1.0477,0.0,wifi,0.0
608,28.4572,950.4101,1.5,0.0,0.3763,0.43,1.4501,3.0,4g,3.0
609,18.2443,760.4781,1.5,0.0,0.2975,0.34,1.2237,3.0,4g,0.0
610,20.9048,300.902,1.5,0.0,0.8487,0.97,0.7966,0.0,4g,0.0
611,17.4195,458.1292,1.5,0.0,0.455,0.52,1.1208,3.0,wifi,0.0
612,20.3549,281.6586,1.5,0.0,0.455,0.52,1.0639,0.0,wifi,0.0
613,20.5539,453.9896,1.5,0.0,0.5337,0.61,1.0421,3.0,wifi,0.0
614,17.1646,300.5997,1.5,0.0,0.8487,0.97,0.9692,0.0,wifi,0.0
615,21.3855,345.9468,1.5,0.0,0.6125,0.7,1.4656,0.0,wifi,0.0
616,15.2057,313.0939,1.5,0.0,0.6913,0.79,1.2047,0.0,wifi,0.0
617,22.7226,398.0342,1.5,0.0,0.77,0.88,0.3459,0.0,wifi,3.0
618,14.7557,497.4951,1.5,0.0,0.3763,0.43,1.4513,3.0,wifi,0.0
619,18.7128,277.9784,1.5,0.0,0.3763,0.43,1.0852,0.0,wifi,0.0
620,25.9722,825.7753,1.5,0.0,0.5337,0.61,1.5502,3.0,4g,0.0
621,28.1897,231.714,1.5,0.0,0.3763,0.43,0.4834,0.0,wifi,0.0
622,27.7107,280.3096,1.5,0.0,0.8487,0.97,0.4982,0.0,4g,0.0
623,22.6953,397.7449,1.5,0.0,0.5337,0.61,0.2199,0.0,4g,3.0
624,26.0202,749.6279,1.5,0.0,0.77,0.88,0.853,3.0,4g,0.0
625,15.1955,249.0194,1.5,0.0,0.6125,0.7,0.5771,0.0,wifi,0.0
626,14.8626,562.9884,1.5,0.0,0.5337,0.61,0.5098,3.0,wifi,3.0
627,21.3557,377.406,1.5,0.0,0.455,0.52,1.7136,0.0,wifi,0.0
628,19.6265,290.7452,1.5,0.0,0.8487,0.97,0.9182,0.0,wifi,0.0
629,24.6715,288.3687,1.5,0.0,0.5337,0.61,0.891,0.0,4g,0.0
630,19.5789,313.2841,1.5,0.0,0.5337,0.61,1.2758,0.0,wifi,0.0
631,21.2556,275.9531,1.5,0.0,0.5337,0.61,0.7213,0.0,4g,0.0
632,23.8684,289.1973,1.5,0.0,0.6125,0.7,1.0428,0.0,wifi,0.0
633,23.2496,284.0606,1.5,0.0,0.455,0.52,0.8979,0.0,4g,0.0
634,24.6244,531.7293,1.5,0.0,0.3763,0.43,1.6556,0.0,4g,3.0
635,21.6326,466.0948,1.5,0.0,0.77,0.88,1.0135,0.0,4g,3.0
636,15.9304,401.4924,1.5,0.0,0.455,0.52,0.7152,0.0,wifi,3.0
637,21.2827,394.5216,1.5,0.0,0.2975,0.34,0.5185,3.0,wifi,0.0
638,21.2266,257.82,1.5,0.0,0.5337,0.61,0.4821,0.0,4g,0.0
639,24.0985,706.0963,1.5,0.0,0.6125,0.7,0.15,3.0,4g,0.0
640,24.3417,266.0654,1.5,0.0,0.8487,0.97,0.469,0.0,wifi,0.0
641,21.718,248.104,1.5,1.5,0.2975,0.34,0.5626,0.0,4g,0.0
642,17.204,254.9156,1.5,0.0,0.5337,0.61,0.3108,0.0,4g,0.0
643,19.333,473.253,1.5,0.0,0.8487,0.97,1.0436,3.0,wifi,0.0
644,20.6193,397.9265,1.5,0.0,0.6913,0.79,1.6321,0.0,4g,0.0
645,24.5813,1083.5381,1.5,0.0,0.77,0.88,1.1613,3.0,5g,0.0
646,25.0161,723.0979,1.5,0.0,0.5337,0.61,0.7017,3.0,4g,0.0
647,24.68,467.5598,1.5,0.0,0.5337,0.61,1.1457,3.0,wifi,0.0
648,15.4797,389.0955,1.5,0.0,0.2975,0.34,0.3694,3.0,wifi,0.0
649,16.5486,240.2882,1.5,0.0,0.6913,0.79,0.3099,0.0,wifi,0.0
650,22.0205,237.5224,1.5,0.0,0.5337,0.61,0.4813,0.0,wifi,0.0
651,17.6977,248.9591,1.5,1.5,0.2975,0.34,0.8061,0.0,wifi,0.0
652,23.3671,354.108,1.5,0.0,0.3763,0.43,1.6141,0.0,wifi,0.0
653,25.7434,229.1728,1.5,0.0,0.5337,0.61,0.15,0.0,wifi,0.0
654,23.6381,316.3048,1.5,0.0,0.5337,0.61,1.1536,0.0,4g,0.0
655,21.3197,239.2945,1.5,0.0,0.6125,0.7,0.3434,0.0,wifi,0.0
656,26.0363,863.8444,1.5,0.0,0.6913,0.79,1.7166,3.0,4g,0.0
657,31.9568,396.5275,1.5,0.0,0.5337,0.61,0.15,3.0,wifi,0.0
658,24.3172,435.4419,1.5,0.0,0.5337,0.61,1.046,0.0,wifi,3.0
659,21.6724,505.8447,1.5,0.0,0.455,0.52,1.4727,3.0,wifi,0.0
660,24.9913,293.1942,1.5,1.5,0.2188,0.25,1.2535,0.0,wifi,0.0
661,17.9863,256.0339,1.5,0.0,0.6913,0.79,0.6255,0.0,wifi,0.0
662,17.695,412.7335,1.5,0.0,0.455,0.52,0.5886,0.0,4g,3.0
663,25.1379,238.11,1.5,0.0,0.2975,0.34,0.3188,0.0,4g,0.0
664,21.9795,255.1799,1.5,0.0,0.2188,0.25,0.9667,0.0,wifi,0.0
665,25.0381,239.1513,1.5,1.5,0.2975,0.34,0.7163,0.0,wifi,0.0
666,27.1697,258.0019,1.5,0.0,0.6913,0.79,0.6197,0.0,wifi,0.0
667,24.2178,427.5693,1.5,0.0,0.455,0.52,0.8104,3.0,wifi,0.0
668,25.7155,241.3642,1.5,0.0,0.5337,0.61,0.5511,0.0,wifi,0.0
669,23.7704,303.6019,1.5,0.0,0.8487,0.97,0.842,0.0,4g,0.0
670,23.9355,293.2525,1.5,0.0,0.6913,0.79,0.7995,0.0,4g,0.0
671,26.4715,371.371,1.5,0.0,0.455,0.52,1.655,0.0,wifi,0.0
672,25.8182,993.1398,0.0,0.0,0.2,0.2,0.6563,3.0,5g,0.0
673,22.7087,283.7378,1.5,0.0,0.9275,1.06,0.4904,0.0,4g,0.0
674,19.9946,391.9142,1.5,0.0,0.455,0.52,0.15,3.0,wifi,0.0
675,16.4184,279.1136,1.5,0.0,0.6913,0.79,0.8931,0.0,wifi,0.0
676,11.6876,257.0643,1.5,0.0,0.5337,0.61,0.7449,0.0,wifi,0.0
677,20.0229,335.4354,1.5,0.0,0.5337,0.61,1.3005,0.0,4g,0.0
678,22.5375,357.7867,1.5,0.0,0.9275,1.06,1.4143,0.0,wifi,0.0
679,24.8503,749.1003,1.5,1.5,0.2188,0.25,1.1565,3.0,4g,0.0
680,19.4386,463.6602,1.5,0.0,0.77,0.88,0.9839,3.0,wifi,0.0
681,17.8756,441.827,1.5,0.0,0.3763,0.43,1.0106,3.0,wifi,0.0
682,19.8877,1080.3578,1.5,0.0,0.77,0.88,2.0319,3.0,4g,3.0
683,27.502,737.164,1.5,0.0,0.2188,0.25,1.0678,3.0,4g,0.0
684,23.1203,453.9331,1.5,0.0,0.6125,0.7,1.1693,0.0,wifi,3.0
685,25.1465,403.0947,1.5,0.0,0.6125,0.7,0.2343,3.0,wifi,0.0
686,25.1058,778.9166,1.5,0.0,0.6125,0.7,1.1831,3.0,4g,0.0
687,23.6292,291.239,1.5,0.0,0.3763,0.43,1.0244,0.0,4g,0.0
688,15.6763,454.6206,1.5,0.0,0.77,0.88,1.0331,0.0,wifi,3.0
689,22.9564,367.5791,1.5,0.0,0.455,0.52,1.5391,0.0,4g,0.0
690,17.8902,546.4962,1.5,0.0,0.5337,0.61,0.15,3.0,wifi,3.0
691,21.2169,318.9807,1.5,0.0,0.5337,0.61,1.1617,0.0,4g,0.0
692,22.0204,232.8832,1.5,0.0,0.455,0.52,0.479,0.0,wifi,0.0
693,30.363,360.7395,1.5,0.0,0.6913,0.79,1.5167,0.0,wifi,0.0
694,19.0249,247.2482,1.5,0.0,0.455,0.52,0.3475,0.0,4g,0.0
695,18.3532,532.0563,1.5,0.0,0.6125,0.7,1.5629,3.0,wifi,0.0
696,21.842,448.152,1.5,0.0,0.2975,0.34,1.1276,3.0,wifi,0.0
697,29.4137,393.3222,1.5,0.0,0.3763,0.43,0.3911,0.0,4g,3.0
698,12.7538,242.8778,1.5,0.0,0.5337,0.61,0.536,0.0,wifi,0.0
699,22.6865,230.3011,1.5,0.0,0.3763,0.43,0.4412,0.0,wifi,0.0
700,28.0655,295.6232,1.5,0.0,0.6125,0.7,0.5306,0.0,5g,0.0
701,22.6775,481.8366,1.5,0.0,0.6913,0.79,1.1866,3.0,wifi,0.0
702,25.0049,429.4816,1.5,0.0,0.455,0.52,0.8013,3.0,wifi,0.0
703,23.0283,388.3258,1.5,0.0,0.2975,0.34,0.3831,3.0,wifi,0.0
704,20.1015,340.2797,1.5,0.0,0.455,0.52,1.3648,0.0,4g,0.0
705,26.6446,410.9839,1.5,0.0,0.5337,0.61,0.5057,3.0,wifi,0.0
706,19.664,300.6983,1.5,0.0,0.5337,0.61,0.6919,0.0,5g,0.0
707,22.2514,310.8943,1.5,0.0,0.6125,0.7,1.2303,0.0,wifi,0.0
708,19.243,291.1045,1.5,0.0,0.77,0.88,0.7339,0.0,4g,0.0
709,25.7658,410.8049,1.5,1.5,0.2975,0.34,0.9416,0.0,wifi,3.0
710,24.2754,309.9114,1.5,0.0,0.5337,0.61,1.1001,0.0,4g,0.0
711,22.9569,401.1792,1.5,0.0,0.455,0.52,0.4143,3.0,wifi,0.0
712,23.1875,427.3247,1.5,0.0,0.5337,0.61,0.7765,3.0,wifi,0.0
713,23.7881,402.0929,1.5,0.0,0.6125,0.7,0.15,3.0,wifi,0.0
714,22.0873,247.1167,1.5,0.0,0.455,0.52,0.321,0.0,4g,0.0
715,26.4664,361.9468,1.5,0.0,0.6125,0.7,1.5609,0.0,wifi,0.0
716,20.9299,334.6425,1.5,1.5,0.2975,0.34,1.5196,0.0,wifi,0.0
717,20.5295,659.877,1.5,0.0,0.3763,0.43,2.2169,3.0,wifi,0.0
718,25.9021,291.4083,1.5,0.0,0.5337,0.61,1.0951,0.0,wifi,0.0
719,26.8275,294.0145,1.5,0.0,0.455,0.52,1.1767,0.0,wifi,0.0
720,19.9698,244.7769,1.5,0.0,0.6913,0.79,0.4245,0.0,wifi,0.0
721,20.4114,283.4074,1.5,0.0,0.2975,0.34,1.1719,0.0,wifi,0.0
722,28.9646,241.9835,1.5,0.0,0.6913,0.79,0.3575,0.0,wifi,0.0
723,24.9681,233.416,1.5,0.0,0.2188,0.25,0.3867,0.0,4g,0.0
724,26.3846,255.8216,1.5,0.0,0.3763,0.43,0.6223,0.0,4g,0.0
725,23.6229,286.1117,1.5,0.0,0.6913,0.79,0.7486,0.0,4g,0.0
726,23.8068,421.666,1.5,0.0,0.2975,0.34,0.8655,3.0,wifi,0.0
727,22.1132,395.6385,1.5,0.0,0.455,0.52,0.2962,3.0,wifi,0.0
728,28.5315,276.7143,1.5,0.0,0.5337,0.61,0.9746,0.0,wifi,0.0
729,19.9291,241.8403,1.5,1.5,0.2975,0.34,0.7647,0.0,wifi,0.0
730,30.8207,394.422,1.5,0.0,0.3763,0.43,0.3548,3.0,wifi,0.0
731,26.4303,241.8645,1.5,0.0,0.455,0.52,0.6183,0.0,wifi,0.0
732,20.182,755.2788,1.5,0.0,1.0062,1.15,0.6655,3.0,4g,0.0
733,21.541,437.0002,1.5,0.0,0.6125,0.7,1.0293,0.0,wifi,3.0
734,30.5023,381.0132,1.5,0.0,0.3763,0.43,1.4738,0.0,5g,0.0
735,21.2561,233.6531,1.5,0.0,0.5337,0.61,0.3935,0.0,wifi,0.0
736,20.0472,310.9567,1.5,0.0,0.6125,0.7,1.2246,0.0,wifi,0.0
737,20.5758,319.0459,1.5,1.5,0.2975,0.34,1.2909,0.0,4g,0.0
738,20.6285,332.9477,1.5,0.0,0.455,0.52,1.4489,0.0,wifi,0.0
739,21.2638,730.7745,1.5,1.5,0.2975,0.34,0.956,3.0,4g,0.0
740,25.6245,394.1025,1.5,1.5,0.2975,0.34,0.4451,3.0,wifi,0.0
741,25.7936,377.6996,1.5,0.0,0.77,0.88,1.6058,0.0,wifi,0.0
742,19.441,466.6768,1.5,0.0,0.5337,0.61,1.1195,3.0,wifi,0.0
743,26.5703,490.7874,1.5,0.0,0.6125,0.7,1.2865,3.0,wifi,0.0
744,15.8828,307.038,1.5,0.0,0.6125,0.7,1.0233,0.0,4g,0.0
745,21.5463,300.8502,1.5,0.0,0.6125,0.7,1.0812,0.0,wifi,0.0
746,22.331,990.6075,1.5,0.0,0.3763,0.43,0.2579,3.0,5g,0.0
747,15.8775,377.8576,1.5,0.0,0.6913,0.79,1.5167,0.0,4g,0.0
748,10.2317,251.3663,1.5,0.0,0.6125,0.7,0.15,0.0,4g,0.0
749,22.484,1035.8491,1.5,0.0,0.455,0.52,0.8733,3.0,5g,0.0
750,26.0917,275.7632,1.5,0.0,0.3763,0.43,0.8231,0.0,4g,0.0
751,20.4622,292.6843,1.5,0.0,0.6913,0.79,0.7862,0.0,4g,0.0
752,26.0475,237.5622,1.5,0.0,0.2975,0.34,0.6059,0.0,wifi,0.0
753,22.6794,700.3176,1.5,0.0,0.3763,0.43,0.5199,3.0,4g,0.0
754,18.4664,422.5471,1.5,0.0,0.5337,0.61,0.7165,3.0,wifi,0.0
755,18.1933,253.7045,1.5,0.0,0.455,0.52,0.7445,0.0,wifi,0.0
756,19.5824,368.1868,1.5,0.0,0.5337,0.61,1.515,0.0,4g,0.0
757,24.6471,301.6979,1.5,0.0,0.8487,0.97,1.0135,0.0,wifi,0.0
758,22.267,391.2474,0.0,0.0,0.2,0.2,1.791,0.0,4g,0.0
759,27.8685,355.9092,1.5,0.0,0.455,0.52,1.5954,0.0,wifi,0.0
760,23.4344,398.6368,1.5,0.0,0.3763,0.43,0.497,3.0,wifi,0.0
761,19.3874,414.3162,1.5,1.5,0.2188,0.25,0.8227,3.0,wifi,0.0
762,27.6083,1077.4056,1.5,0.0,0.6913,0.79,1.1317,3.0,5g,0.0
763,22.6383,282.1282,1.5,0.0,0.5337,0.61,0.9479,0.0,wifi,0.0
764,18.0653,729.9992,0.0,0.0,0.2,0.2,1.0592,3.0,4g,0.0
765,18.32,211.5873,1.5,1.5,0.2975,0.34,0.15,0.0,wifi,0.0
766,18.1149,325.7135,1.5,0.0,0.6125,0.7,1.1849,0.0,4g,0.0
767,25.6427,238.7281,1.5,0.0,0.6125,0.7,0.15,0.0,wifi,0.0
768,10.2074,733.5063,1.5,0.0,0.3763,0.43,0.9327,3.0,4g,0.0
769,26.2836,699.318,1.5,1.5,0.2188,0.25,0.6729,3.0,4g,0.0
770,21.0252,437.705,1.5,0.0,0.6125,0.7,0.8199,3.0,wifi,0.0
771,21.1845,396.3662,1.5,0.0,0.5337,0.61,0.15,3.0,wifi,0.0
772,13.0569,428.3194,1.5,0.0,0.455,0.52,0.9601,0.0,wifi,3.0
773,23.284,390.5135,1.5,0.0,0.8487,0.97,1.6488,0.0,wifi,0.0
774,24.6134,286.6803,1.5,0.0,0.2975,0.34,1.1371,0.0,wifi,0.0
775,23.7929,392.7092,1.5,0.0,0.6913,0.79,1.7187,0.0,wifi,0.0
776,18.6539,431.424,1.5,0.0,0.5337,0.61,0.8089,3.0,wifi,0.0
777,18.8141,267.0547,1.5,0.0,0.455,0.52,0.71,0.0,4g,0.0
778,24.9412,243.3464,1.5,0.0,0.6913,0.79,0.3298,0.0,wifi,0.0
779,24.6951,1044.1108,1.5,0.0,0.77,0.88,0.7636,3.0,5g,0.0
780,18.3478,442.4705,1.5,0.0,1.085,1.24,0.7639,0.0,wifi,3.0
781,18.4373,720.038,1.5,0.0,0.6125,0.7,0.5923,3.0,4g,0.0
782,19.2413,275.2905,1.5,0.0,0.455,0.52,0.9982,0.0,wifi,0.0
783,25.865,276.2553,1.5,0.0,0.3763,0.43,1.0563,0.0,wifi,0.0
784,27.0879,349.7274,1.5,0.0,0.455,0.52,1.5559,0.0,wifi,0.0
785,18.1785,285.4742,1.5,0.0,0.5337,0.61,0.868,0.0,4g,0.0
786,31.0841,398.8667,1.5,0.0,0.5337,0.61,1.8017,0.0,wifi,0.0
787,23.836,266.3663,1.5,0.0,1.1638,1.33,0.15,0.0,wifi,0.0
788,24.5863,788.5731,1.5,0.0,0.5337,0.61,1.3162,3.0,4g,0.0
789,14.8415,617.8658,1.5,0.0,0.6913,0.79,0.9338,3.0,wifi,3.0
790,18.8283,846.33,1.5,0.0,0.3763,0.43,3.0,0.0,wifi,3.0
791,29.2906,629.7873,1.5,0.0,0.5337,0.61,2.0243,3.0,wifi,0.0
792,26.4182,370.7606,1.5,0.0,0.5337,0.61,0.7667,0.0,wifi,0.0
793,30.7479,873.3805,1.5,0.0,0.455,0.52,3.0,3.0,wifi,0.0
794,20.5894,647.3238,1.5,0.0,0.5337,0.61,2.5236,0.0,4g,0.0
795,29.4862,324.8536,1.5,0.0,0.77,0.88,1.17,0.0,wifi,0.0
796,29.2012,612.9659,0.0,0.0,0.2,0.2,1.1198,0.0,4g,3.0
797,34.9263,519.711,1.5,1.5,0.2975,0.34,1.4251,3.0,wifi,0.0
798,35.9195,1019.5578,1.5,0.0,0.5337,0.61,2.1546,3.0,4g,0.0
799,34.0789,916.9905,1.5,0.0,0.5337,0.61,1.9929,3.0,4g,0.0
800,35.1072,488.0606,1.5,0.0,0.2188,0.25,2.1893,0.0,wifi,0.0
801,30.0755,489.6888,1.5,0.0,1.085,1.24,1.8774,0.0,wifi,0.0
802,25.5863,902.8268,1.5,0.0,0.77,0.88,3.0,3.0,wifi,0.0
803,31.1971,467.2788,1.5,0.0,0.6913,0.79,1.8368,0.0,wifi,0.0
804,27.8958,465.9435,1.5,0.0,0.5337,0.61,1.9974,0.0,4g,0.0
805,28.1948,836.897,1.5,0.0,0.8487,0.97,1.4866,3.0,4g,0.0
806,30.5061,945.184,1.5,0.0,0.2188,0.25,2.2442,3.0,4g,0.0
807,30.3417,221.5906,1.5,0.0,0.2188,0.25,0.4589,0.0,wifi,0.0
808,24.826,341.0,1.5,1.5,0.2975,0.34,1.1343,0.0,4g,0.0
809,27.2024,334.9519,1.5,1.5,0.2975,0.34,1.2356,0.0,4g,0.0
810,26.8426,694.7457,1.5,0.0,0.2975,0.34,2.2291,3.0,wifi,0.0
811,29.5376,461.9629,1.5,0.0,0.6125,0.7,0.8691,3.0,wifi,0.0
812,29.9496,569.1699,1.5,0.0,0.6913,0.79,1.8943,0.0,wifi,0.0
813,34.111,726.3527,1.5,0.0,0.6913,0.79,2.3719,3.0,wifi,0.0
814,28.7955,467.5546,1.5,0.0,0.5337,0.61,1.9138,0.0,4g,0.0
815,23.5431,370.9539,1.5,0.0,0.77,0.88,1.4326,0.0,4g,0.0
816,24.2698,606.7373,1.5,1.5,0.2975,0.34,2.7228,0.0,wifi,0.0
817,28.6967,609.4615,1.5,0.0,0.6913,0.79,2.082,0.0,wifi,0.0
818,30.7171,482.6576,1.5,0.0,0.6913,0.79,1.0532,3.0,wifi,0.0
819,22.9022,868.7441,1.5,0.0,0.6125,0.7,2.7526,0.0,4g,0.0
820,27.9171,500.0841,1.5,0.0,0.2975,0.34,2.2188,0.0,4g,0.0
821,31.1166,811.5803,1.5,0.0,0.3763,0.43,1.3139,3.0,4g,0.0
822,31.1569,488.1765,1.5,0.0,0.455,0.52,1.8512,0.0,4g,0.0
823,28.7186,393.159,1.5,0.0,0.6125,0.7,1.4705,0.0,wifi,0.0
824,20.1322,420.5226,1.5,0.0,0.3763,0.43,0.799,3.0,wifi,0.0
825,31.5583,1241.8615,1.5,0.0,0.5337,0.61,2.253,3.0,4g,0.0
826,25.4857,675.3791,1.5,0.0,0.455,0.52,2.6163,0.0,4g,0.0
827,29.4659,548.3695,1.5,0.0,0.455,0.52,2.0639,0.0,wifi,0.0
828,35.1373,408.7588,1.5,0.0,0.3763,0.43,1.628,0.0,4g,0.0
829,28.6229,447.3298,1.5,0.0,0.5337,0.61,0.3,0.0,wifi,0.0
830,32.9553,495.8515,1.5,0.0,0.6913,0.79,1.4249,0.0,4g,0.0
831,25.5361,882.8757,1.5,0.0,0.6125,0.7,2.6773,0.0,4g,0.0
832,25.8743,1233.956,1.5,0.0,0.455,0.52,1.9408,3.0,4g,0.0
833,22.012,808.1688,1.5,0.0,0.6913,0.79,2.31,3.0,wifi,0.0
834,32.8868,569.3842,1.5,0.0,0.77,0.88,1.7067,3.0,wifi,0.0
835,25.0056,477.9704,1.5,1.5,0.2975,0.34,1.8767,0.0,wifi,0.0
836,33.5396,435.0615,1.5,0.0,0.6125,0.7,1.2335,0.0,4g,0.0
837,27.7165,483.3013,1.5,0.0,0.3763,0.43,1.675,0.0,wifi,0.0
838,27.3331,401.2323,1.5,0.0,0.77,0.88,1.2921,0.0,5g,0.0
839,29.6959,361.6632,1.5,0.0,0.8487,0.97,1.3184,0.0,wifi,0.0
840,32.1259,663.4806,1.5,0.0,0.5337,0.61,1.7308,3.0,wifi,0.0
841,32.5791,262.0478,1.5,0.0,0.3763,0.43,0.6818,0.0,4g,0.0
842,29.3962,475.6747,1.5,0.0,0.3763,0.43,1.2943,3.0,wifi,0.0
843,26.2735,713.3653,1.5,0.0,0.6913,0.79,1.9208,3.0,wifi,0.0
844,36.9347,517.3149,1.5,0.0,0.9275,1.06,1.2228,3.0,wifi,0.0
845,25.6948,675.3105,1.5,1.5,0.2188,0.25,2.7689,0.0,5g,0.0
846,33.9983,683.6706,1.5,0.0,0.3763,0.43,2.3612,3.0,wifi,0.0
847,34.5193,1478.6909,1.5,0.0,0.3763,0.43,3.0,3.0,5g,0.0
848,31.0408,782.867,1.5,0.0,0.77,0.88,2.5963,3.0,wifi,0.0
849,26.1235,502.6899,1.5,0.0,0.6125,0.7,1.9622,0.0,4g,0.0
850,25.8954,867.7204,1.5,0.0,0.2975,0.34,1.7311,3.0,4g,0.0
851,25.1827,825.0311,1.5,1.5,0.2975,0.34,0.9014,3.0,4g,0.0
852,15.0,368.5705,1.5,0.0,0.6913,0.79,1.0859,0.0,4g,0.0
853,28.7814,389.6534,1.5,0.0,0.455,0.52,1.6999,0.0,wifi,0.0
854,33.3395,423.4991,1.5,0.0,0.455,0.52,1.8223,0.0,4g,0.0
855,19.5428,592.46,1.5,1.5,0.2975,0.34,2.0321,0.0,4g,0.0
856,29.4983,526.8679,1.5,0.0,0.455,0.52,1.6025,0.0,4g,0.0
857,23.9796,645.8221,1.5,0.0,0.77,0.88,1.5604,0.0,wifi,0.0
858,31.0196,344.1467,1.5,0.0,0.3763,0.43,1.0188,0.0,wifi,0.0
859,19.7677,247.3914,1.5,0.0,0.455,0.52,0.3,0.0,wifi,0.0
860,33.4197,372.0588,1.5,0.0,0.6125,0.7,1.4495,0.0,4g,0.0
861,27.0133,551.7587,1.5,0.0,0.6125,0.7,2.0443,0.0,4g,0.0
862,25.1326,822.1602,1.5,0.0,0.5337,0.61,0.6472,3.0,wifi,0.0
863,32.9355,318.6292,1.5,0.0,0.3763,0.43,1.156,0.0,4g,0.0
864,28.2928,546.2302,1.5,0.0,0.6125,0.7,1.3511,3.0,wifi,0.0
865,23.0387,605.936,1.5,0.0,0.455,0.52,2.6246,0.0,wifi,0.0
866,21.0663,444.3306,1.5,0.0,0.6125,0.7,1.6106,0.0,4g,0.0
867,29.7863,823.8408,1.5,0.0,0.2975,0.34,2.684,3.0,wifi,0.0
868,27.8302,483.0066,1.5,0.0,0.77,0.88,2.082,0.0,wifi,0.0
869,29.2579,409.0257,1.5,0.0,0.3763,0.43,1.2438,0.0,4g,0.0
870,26.3598,630.7262,1.5,0.0,0.455,0.52,2.0892,0.0,4g,3.0
871,33.2935,704.6199,1.5,0.0,0.3763,0.43,3.0,0.0,wifi,0.0
872,28.6751,891.062,1.5,0.0,0.5337,0.61,2.3218,3.0,wifi,3.0
873,30.2108,528.5139,1.5,0.0,0.6913,0.79,2.2525,0.0,4g,0.0
874,26.3858,666.8464,1.5,0.0,0.6913,0.79,2.0481,0.0,wifi,3.0
875,29.6352,732.6885,1.5,0.0,0.6125,0.7,1.9093,0.0,wifi,0.0
876,30.2631,838.2461,1.5,1.5,0.2975,0.34,0.3,0.0,4g,3.0
877,21.1379,832.429,1.5,0.0,0.8487,0.97,3.0,0.0,4g,0.0
878,18.3291,1529.0404,1.5,0.0,0.5337,0.61,2.4824,3.0,wifi,3.0
879,36.5412,649.6712,1.5,0.0,0.6913,0.79,1.6069,0.0,wifi,3.0
880,20.588,402.2243,1.5,0.0,0.5337,0.61,0.9782,0.0,4g,0.0
881,21.085,874.1875,1.5,0.0,0.6913,0.79,2.5537,0.0,wifi,0.0
882,25.5206,1561.6314,1.5,0.0,0.5337,0.61,1.1849,3.0,4g,0.0
883,33.7471,424.9302,1.5,0.0,0.6125,0.7,1.4899,0.0,5g,0.0
884,29.3541,1233.8201,1.5,0.0,0.5337,0.61,2.1532,3.0,4g,0.0
885,17.8697,802.0431,1.5,0.0,0.6913,0.79,2.0948,3.0,wifi,0.0
886,34.3589,772.7705,1.5,0.0,0.455,0.52,1.2728,0.0,4g,3.0
887,30.0443,684.9254,1.5,0.0,0.6913,0.79,2.1091,3.0,wifi,0.0
888,35.6408,876.4007,1.5,0.0,0.6913,0.79,2.3371,0.0,4g,0.0
889,25.7264,691.0203,1.5,0.0,0.6125,0.7,1.9654,0.0,4g,0.0
890,33.6493,634.4998,1.5,0.0,0.8487,0.97,2.2989,0.0,wifi,0.0
891,26.6279,1008.817,1.5,0.0,0.3763,0.43,1.3451,3.0,wifi,0.0
892,21.4608,1233.1013,1.5,1.5,0.2975,0.34,1.8685,3.0,5g,0.0
893,29.6695,1133.8642,1.5,0.0,0.77,0.88,2.0202,3.0,4g,3.0
894,30.1654,491.8925,1.5,0.0,0.5337,0.61,1.9548,0.0,4g,0.0
895,38.8342,686.427,1.5,1.5,0.2975,0.34,2.0163,0.0,4g,0.0
896,20.6525,688.6516,1.5,0.0,0.6913,0.79,2.3008,3.0,wifi,0.0
897,27.1772,984.3241,1.5,0.0,0.9275,1.06,1.4682,3.0,wifi,0.0
898,28.4899,766.212,1.5,0.0,0.5337,0.61,1.3585,0.0,wifi,3.0
899,19.3319,980.175,1.5,0.0,0.3763,0.43,2.0917,3.0,4g,0.0
900,35.8958,822.9703,1.5,0.0,0.6913,0.79,1.692,0.0,4g,0.0
901,32.1345,1258.4762,1.5,0.0,0.77,0.88,0.9576,0.0,wifi,0.0
902,24.553,1491.5116,1.5,0.0,0.77,0.88,1.0648,3.0,4g,3.0
903,27.3781,1105.3998,1.5,0.0,0.3763,0.43,3.0,0.0,wifi,0.0
904,29.7884,1135.9143,0.0,0.0,0.2,0.2,2.5961,3.0,4g,0.0
905,29.8128,606.8506,1.5,0.0,0.6125,0.7,2.0225,0.0,wifi,0.0
906,30.0346,644.7318,1.5,0.0,0.455,0.52,1.0963,3.0,wifi,0.0
907,28.2424,661.2131,1.5,1.5,0.2188,0.25,1.9169,3.0,wifi,0.0
908,31.9937,873.4043,1.5,0.0,0.6125,0.7,2.3944,0.0,4g,0.0
909,30.2715,548.2852,1.5,0.0,0.5337,0.61,1.9024,0.0,wifi,0.0
910,24.6063,608.6168,0.0,0.0,0.2,0.2,1.8907,3.0,wifi,0.0
911,28.2032,1103.5333,1.5,0.0,0.455,0.52,2.8254,0.0,5g,0.0
912,33.9214,994.0208,1.5,0.0,0.6913,0.79,0.699,3.0,4g,3.0
913,30.1735,952.3404,1.5,0.0,0.455,0.52,1.5865,3.0,4g,0.0
914,25.1551,602.05,1.5,0.0,0.2975,0.34,2.1268,0.0,wifi,0.0
915,28.517,562.0457,1.5,0.0,0.2188,0.25,1.3059,0.0,4g,0.0
916,34.5854,1276.2488,1.5,0.0,0.3763,0.43,1.3111,0.0,wifi,0.0
917,29.7887,586.0237,1.5,0.0,0.5337,0.61,1.3226,0.0,wifi,0.0
918,22.2819,759.7415,1.5,0.0,0.6913,0.79,1.0007,3.0,4g,0.0
919,26.0426,560.062,1.5,0.0,0.6913,0.79,1.3494,0.0,wifi,0.0
920,30.1677,423.877,1.5,0.0,0.6125,0.7,1.7987,0.0,4g,0.0
921,32.6732,570.5115,1.5,0.0,0.6913,0.79,1.7545,3.0,wifi,0.0
922,36.5613,547.6515,1.5,0.0,0.8487,0.97,1.7276,0.0,wifi,0.0
923,19.7197,582.215,1.5,0.0,0.6913,0.79,2.5441,0.0,wifi,0.0
924,26.6792,612.489,1.5,0.0,0.2975,0.34,1.5458,3.0,wifi,0.0
925,29.9161,712.1964,1.5,0.0,0.5337,0.61,2.067,0.0,4g,0.0
926,23.9695,726.4497,1.5,0.0,0.5337,0.61,2.4648,3.0,wifi,0.0
927,27.3147,955.8514,1.5,0.0,0.3763,0.43,2.2536,0.0,wifi,0.0
928,32.9972,613.7196,1.5,0.0,0.455,0.52,1.1256,0.0,4g,0.0
929,20.1163,345.4233,1.5,0.0,0.5337,0.61,1.0823,0.0,wifi,0.0
930,28.3437,1535.8592,1.5,0.0,0.77,0.88,2.6327,3.0,4g,0.0
931,23.9023,390.9182,1.5,0.0,0.8487,0.97,1.5136,0.0,4g,0.0
932,35.9199,1124.3293,1.5,0.0,0.6125,0.7,1.3762,3.0,5g,0.0
933,22.9507,801.3125,0.0,0.0,0.2,0.2,3.0,0.0,wifi,0.0
934,25.123,474.9889,1.5,0.0,0.5337,0.61,1.1233,3.0,wifi,0.0
935,26.0371,840.2606,0.0,0.0,0.2,0.2,2.8185,3.0,wifi,0.0
936,35.8752,1094.7056,1.5,0.0,0.5337,0.61,2.4005,3.0,4g,0.0
937,25.6702,647.7238,1.5,0.0,0.5337,0.61,2.2736,0.0,4g,0.0
938,27.7896,683.4803,1.5,0.0,0.6913,0.79,1.9043,0.0,wifi,3.0
939,27.3543,1095.8981,1.5,0.0,0.6125,0.7,2.6163,3.0,4g,0.0
940,19.8989,564.0588,1.5,1.5,0.2975,0.34,1.4018,3.0,wifi,0.0
941,22.7628,975.0582,1.5,0.0,0.6125,0.7,1.5071,3.0,4g,3.0
942,38.6392,731.9362,1.5,0.0,0.6125,0.7,2.5147,0.0,wifi,3.0
943,23.124,860.4055,1.5,1.5,0.2188,0.25,1.6531,3.0,4g,0.0
944,30.1581,909.0982,1.5,0.0,0.5337,0.61,1.9943,3.0,4g,0.0
945,25.808,453.7351,1.5,0.0,1.0062,1.15,1.9239,0.0,wifi,0.0
946,25.2161,437.016,1.5,0.0,0.77,0.88,1.9155,0.0,wifi,0.0
947,27.9314,414.0299,1.5,0.0,0.6913,0.79,1.7105,0.0,4g,0.0
948,29.3622,551.9123,1.5,0.0,0.5337,0.61,1.782,0.0,4g,0.0
949,23.6975,737.8611,1.5,0.0,0.455,0.52,2.509,3.0,wifi,0.0
950,29.8408,1322.222,1.5,0.0,0.9275,1.06,2.8691,3.0,4g,0.0
951,20.9916,560.6878,1.5,0.0,0.5337,0.61,0.9036,3.0,wifi,0.0
952,26.7449,372.7162,1.5,0.0,0.8487,0.97,1.142,0.0,wifi,0.0
953,33.2322,582.4346,1.5,0.0,0.3763,0.43,1.9684,0.0,4g,0.0
954,36.1548,414.7839,1.5,0.0,1.085,1.24,1.5831,0.0,wifi,0.0
955,33.2591,880.1224,1.5,0.0,0.5337,0.61,2.8611,3.0,wifi,0.0
956,21.2261,342.9721,1.5,0.0,0.6125,0.7,1.4199,0.0,wifi,0.0
957,30.7089,485.6369,1.5,0.0,0.6913,0.79,0.6237,3.0,wifi,0.0
958,27.9622,903.158,1.5,0.0,0.8487,0.97,3.0,0.0,wifi,0.0
959,31.7019,543.8019,1.5,1.5,0.2975,0.34,1.6343,3.0,wifi,0.0
960,27.6577,523.9399,1.5,0.0,0.6913,0.79,2.161,0.0,wifi,0.0
961,26.6799,426.3888,1.5,0.0,0.455,0.52,1.5197,0.0,4g,0.0
962,27.1815,493.2632,1.5,0.0,0.455,0.52,1.1252,0.0,4g,0.0
963,29.4706,850.505,1.5,0.0,0.3763,0.43,3.0,0.0,wifi,3.0
964,30.1187,750.6782,1.5,0.0,0.5337,0.61,3.0,0.0,4g,0.0
965,32.0646,531.6699,1.5,0.0,0.5337,0.61,1.3355,3.0,wifi,0.0
966,27.4463,830.7072,1.5,0.0,0.5337,0.61,2.8539,3.0,wifi,0.0
967,29.2562,563.149,1.5,0.0,0.5337,0.61,1.6116,0.0,4g,0.0
968,31.1729,864.3194,1.5,0.0,0.8487,0.97,1.2167,3.0,4g,0.0
969,19.104,1490.0818,1.5,0.0,0.3763,0.43,1.912,3.0,5g,0.0
970,24.318,610.8907,1.5,0.0,0.2975,0.34,2.0199,0.0,4g,3.0
971,33.81,493.1507,1.5,0.0,0.8487,0.97,2.0458,0.0,wifi,0.0
972,26.3941,397.3256,1.5,0.0,0.6125,0.7,1.6706,0.0,wifi,0.0
973,29.3036,575.4166,1.5,0.0,0.455,0.52,2.5028,0.0,4g,0.0
974,23.9806,1083.9793,1.5,0.0,0.6125,0.7,1.4706,3.0,4g,3.0
975,26.6141,802.7431,1.5,0.0,0.5337,0.61,2.116,3.0,wifi,3.0
976,17.3403,360.0396,1.5,0.0,0.6125,0.7,1.2395,0.0,4g,0.0
977,31.7839,341.7499,1.5,0.0,0.77,0.88,1.228,0.0,4g,0.0
978,27.8468,427.4024,1.5,0.0,1.085,1.24,1.4357,0.0,wifi,0.0
979,36.7844,819.0307,1.5,0.0,0.77,0.88,0.5581,0.0,4g,3.0
980,30.4155,577.5083,1.5,0.0,0.77,0.88,1.7108,3.0,wifi,0.0
981,32.1405,1025.5662,1.5,0.0,0.2975,0.34,2.0131,3.0,4g,0.0
982,20.1335,561.3041,1.5,0.0,0.6913,0.79,1.6842,0.0,4g,3.0
983,33.3072,720.4846,1.5,1.5,0.2975,0.34,2.4483,3.0,wifi,0.0
984,32.2073,394.0499,1.5,0.0,0.6913,0.79,0.6843,0.0,wifi,0.0
985,27.0571,981.7717,1.5,1.5,0.2975,0.34,0.7299,3.0,4g,3.0
986,25.8168,1059.8143,1.5,0.0,0.5337,0.61,1.2093,3.0,4g,0.0
987,30.9345,1380.3751,1.5,0.0,0.6125,0.7,2.1018,3.0,4g,0.0
988,32.9254,505.1515,1.5,0.0,0.6913,0.79,1.9552,0.0,4g,0.0
989,32.1392,733.3549,1.5,0.0,0.6125,0.7,0.5758,3.0,4g,0.0
990,23.02,340.8432,1.5,0.0,0.77,0.88,0.7061,0.0,wifi,0.0
991,32.1185,406.6772,1.5,0.0,0.5337,0.61,1.7919,0.0,wifi,0.0
992,28.381,706.1548,1.5,0.0,0.6913,0.79,2.1728,0.0,wifi,3.0
993,26.718,582.5686,1.5,0.0,0.5337,0.61,2.5829,0.0,wifi,0.0
994,17.6886,409.4452,1.5,0.0,0.6913,0.79,1.5671,0.0,4g,0.0
995,27.0802,961.4227,1.5,0.0,0.2188,0.25,2.3726,0.0,wifi,0.0
996,26.2582,502.0843,1.5,0.0,0.6125,0.7,1.9689,0.0,wifi,0.0
997,31.5752,765.7777,1.5,0.0,0.455,0.52,3.0,0.0,4g,0.0
998,39.8517,384.9431,1.5,0.0,0.2975,0.34,1.1258,0.0,wifi,0.0
999,34.6906,551.0502,1.5,0.0,0.6913,0.79,1.3199,0.0,wifi,0.0
